{
  "asOf": "2025-12-02",
  "bm20Level": 5007.44962,
  "bm20PrevLevel": 4688.179698,
  "bm20PointChange": 319.269922,
  "bm20ChangePct": 0.06810104196844491,
  "returns": {
    "1D": 0.06810104196844491,
    "7D": 0.013734033603878038,
    "30D": -0.17307463528088007,
    "1Y": 0.7972523418766979,
    "YTD": 1.0086803993641253
  }
}