{
  "asOf": "2026-01-21",
  "bm20Level": 4921.303733,
  "bm20PrevLevel": 4805.704297,
  "bm20PointChange": 115.599436,
  "bm20ChangePct": 0.024054629445326325,
  "returns": {
    "1D": 0.024054629445326325,
    "7D": -0.09235687268819459,
    "30D": 0.02264724216821845,
    "1Y": 0.7191404284587264,
    "YTD": 0.011209045862115241
  }
}