{
  "asOf": "2026-01-26",
  "bm20Level": 4769.84461,
  "bm20PrevLevel": 4649.242915,
  "bm20PointChange": 120.601695,
  "bm20ChangePct": 0.025940071782949214,
  "returns": {
    "1D": 0.025940071782949214,
    "7D": -0.061992368449115376,
    "30D": -0.005138343353549013,
    "1Y": 0.7507317533951088,
    "YTD": -0.01991214552010201
  }
}