{
  "asOf": "2025-10-05",
  "bm20Level": 7090.401862,
  "bm20PrevLevel": 7074.16438,
  "bm20PointChange": 16.237482,
  "bm20ChangePct": 0.0022953216084660166,
  "returns": {
    "1D": 0.0022953216084660166,
    "7D": 0.0749611971422206,
    "30D": 0.08162840724962139,
    "1Y": 3.774234315081639,
    "YTD": 1.8442325584484962
  }
}