{
  "asOf": "2026-01-12",
  "bm20Level": 4901.067152,
  "bm20PrevLevel": 4919.255709,
  "bm20PointChange": -18.188558,
  "bm20ChangePct": -0.003697420649273586,
  "returns": {
    "1D": -0.003697420649273586,
    "7D": -0.03928254544550269,
    "30D": -0.004950226248529921,
    "1Y": 0.8718182827773984,
    "YTD": 0.03415460731421405
  }
}