{
  "asOf": "2025-09-30",
  "bm20Level": 6614.713097,
  "bm20PrevLevel": 6688.888875,
  "bm20PointChange": -74.175778,
  "bm20ChangePct": -0.011089402076862931,
  "returns": {
    "1D": -0.011089402076862931,
    "7D": -0.00034266750825295844,
    "30D": 0.014137840084774256,
    "1Y": 3.2400825304850747,
    "YTD": 1.653415521728073
  }
}