{
  "asOf": "2025-12-05",
  "bm20Level": 4868.584638,
  "bm20PrevLevel": 5048.191781,
  "bm20PointChange": -179.607143,
  "bm20ChangePct": -0.035578510179223755,
  "returns": {
    "1D": -0.035578510179223755,
    "7D": -0.03272204013088953,
    "30D": -0.13008655604939556,
    "1Y": 0.7272289149323612,
    "YTD": 0.9529763208562627
  }
}