{
  "asOf": "2025-08-31",
  "bm20Level": 1510.575402,
  "bm20PrevLevel": 1498.974316,
  "bm20PointChange": 11.601086,
  "bm20ChangePct": 0.007739349366961079,
  "returns": {
    "1D": 0.007739349366961079,
    "7D": -0.053118972875146886,
    "30D": 0.09156605122629524,
    "1Y": 0.7017464411711927,
    "YTD": 0.02244448570043156
  }
}