{
  "asOf": "2026-01-02",
  "bm20Level": 4881.147788,
  "bm20PrevLevel": 4739.201583,
  "bm20PointChange": 141.946206,
  "bm20ChangePct": 0.0299515019705221,
  "returns": {
    "1D": 0.0299515019705221,
    "7D": 0.061744579603627336,
    "30D": -0.054232392508461125,
    "1Y": 0.9092838549893898,
    "YTD": 0.0299515019705221
  }
}