{
  "asOf": "2026-02-15",
  "bm20Level": 3071.654178066849,
  "bm20PrevLevel": 3168.49654830762,
  "bm20PointChange": -96.84237024077083,
  "bm20ChangePct": -0.030564139415741876,
  "returns": {
    "1D": -0.030564139415741876,
    "7D": -0.009634494328088716,
    "30D": -0.3131330180779731,
    "1Y": 0.2866995648275863,
    "YTD": -0.24943294517440628
  },
  "kimchi": 0.09850332999999999,
  "kimchi_premium_pct": 9.850333,
  "kimchi_source": "/home/runner/work/bm/bm/out/latest/cache/kimchi_last.json",
  "kimchi_meta": {
    "usdkrw": 1350.0
  }
}