{
  "asOf": "2025-09-29",
  "bm20Level": 6697.136777,
  "bm20PrevLevel": 6595.960748,
  "bm20PointChange": 101.176029,
  "bm20ChangePct": 0.015339088937407208,
  "returns": {
    "1D": 0.015339088937407208,
    "7D": 0.0051951254474718045,
    "30D": 0.020598597703639365,
    "1Y": 3.1196695915029036,
    "YTD": 1.686478825746057
  }
}