{
  "asOf": "2025-09-02",
  "bm20Level": 1501.541023,
  "bm20PrevLevel": 1476.829712,
  "bm20PointChange": 24.711312,
  "bm20ChangePct": 0.01673267504910081,
  "returns": {
    "1D": 0.01673267504910081,
    "7D": -0.02767497753831727,
    "30D": 0.07852276770843503,
    "1Y": 0.69701066264962,
    "YTD": 0.01632949760594582
  }
}