{
  "asOf": "2025-12-21",
  "bm20Level": 4668.230249,
  "bm20PrevLevel": 4707.112618,
  "bm20PointChange": -38.882369,
  "bm20ChangePct": -0.00826034392930386,
  "returns": {
    "1D": -0.00826034392930386,
    "7D": -0.028262516773232438,
    "30D": -0.013658351349464026,
    "1Y": 0.8811263382937595,
    "YTD": 0.8726064789648542
  }
}