{
  "asOf": "2025-10-30",
  "bm20Level": 5804.920892,
  "bm20PrevLevel": 6055.842428,
  "bm20PointChange": -250.921536,
  "bm20ChangePct": -0.04143462109281737,
  "returns": {
    "1D": -0.04143462109281737,
    "7D": -0.034034704595164444,
    "30D": -0.12247286764667509,
    "1Y": 2.5699701621081013,
    "YTD": 1.328576760703363
  }
}