{
  "asOf": "2025-08-30",
  "bm20Level": 1493.207181,
  "bm20PrevLevel": 1493.747519,
  "bm20PointChange": -0.540338,
  "bm20ChangePct": -0.0003617333590610894,
  "returns": {
    "1D": -0.0003617333590610894,
    "7D": -0.07642672095100045,
    "30D": 0.0439655453909924,
    "1Y": 0.6722991761781381,
    "YTD": 0.010688672816320022
  }
}