{
  "asOf": "2026-01-05",
  "bm20Level": 5126.065047,
  "bm20PrevLevel": 4952.390989,
  "bm20PointChange": 173.674059,
  "bm20ChangePct": 0.03506872922379145,
  "returns": {
    "1D": 0.03506872922379145,
    "7D": 0.11179946472769098,
    "30D": 0.047254465894493336,
    "1Y": 0.8774670044601156,
    "YTD": 0.0816305147390517
  }
}