{
  "asOf": "2025-08-25",
  "bm20Level": 6555.994416,
  "bm20PrevLevel": 6947.536582,
  "bm20PointChange": -391.542165,
  "bm20ChangePct": -0.05635697785598359,
  "returns": {
    "1D": -0.05635697785598359,
    "7D": -0.02294993787267674,
    "30D": 0.04350523329345579,
    "1Y": 3.13965430261234,
    "YTD": 1.629861203169643
  }
}