{
  "asOf": "2025-09-03",
  "bm20Level": 1516.476361,
  "bm20PrevLevel": 1509.804159,
  "bm20PointChange": 6.672202,
  "bm20ChangePct": 0.004419250223625326,
  "returns": {
    "1D": 0.004419250223625326,
    "7D": -0.007701435297482906,
    "30D": 0.05299717087656508,
    "1Y": 0.7798301104807843,
    "YTD": 0.026438595123188913
  }
}