{
  "asOf": "2025-08-31",
  "bm20Level": 1502.145081,
  "bm20PrevLevel": 1498.974316,
  "bm20PointChange": 3.170765,
  "bm20ChangePct": 0.002115290036659001,
  "returns": {
    "1D": 0.002115290036659001,
    "7D": -0.05840339000010364,
    "30D": 0.08547416621764037,
    "1Y": 0.6922492205294768,
    "YTD": 0.016738358959293986
  }
}