{
  "asOf": "2025-09-13",
  "bm20Level": 7091.402553,
  "bm20PrevLevel": 7079.167118,
  "bm20PointChange": 12.235435,
  "bm20ChangePct": 0.001728372175723747,
  "returns": {
    "1D": 0.001728372175723747,
    "7D": 0.08641701717280825,
    "30D": 0.03608550019069989,
    "1Y": 3.83163916882397,
    "YTD": 1.8446339740679738
  }
}