{
  "asOf": "2026-02-03",
  "bm20Level": 3460.856274,
  "bm20PrevLevel": 3380.459783,
  "bm20PointChange": 80.39649,
  "bm20ChangePct": 0.023782708712385414,
  "returns": {
    "1D": 0.023782708712385414,
    "7D": -0.15560371936888695,
    "30D": -0.19674043266126395,
    "1Y": 0.41661067453321055,
    "YTD": -0.15433035425670238
  }
}