{
  "asOf": "2025-12-23",
  "bm20Level": 4628.660862,
  "bm20PrevLevel": 4688.710528,
  "bm20PointChange": -60.049666,
  "bm20ChangePct": -0.012807288076838286,
  "returns": {
    "1D": -0.012807288076838286,
    "7D": -0.020602214626334936,
    "30D": -0.03307893693579267,
    "1Y": 0.8330064542032991,
    "YTD": 0.8567336776522663
  }
}