{
  "asOf": "2026-02-06",
  "bm20Level": 3138.452001,
  "bm20PrevLevel": 2797.609737,
  "bm20PointChange": 340.842264,
  "bm20ChangePct": 0.12183338476283301,
  "returns": {
    "1D": 0.12183338476283301,
    "7D": -0.16953026859135512,
    "30D": -0.27566331227049923,
    "1Y": 0.4113546887867823,
    "YTD": -0.23311071545301287
  }
}