{
  "asOf": "2025-08-29",
  "bm20Level": 1490.485424,
  "bm20PrevLevel": 1553.322053,
  "bm20PointChange": -62.836629,
  "bm20ChangePct": -0.04045305899099927,
  "returns": {
    "1D": -0.04045305899099927,
    "7D": -0.08409391942384359,
    "30D": 0.015823875651346686,
    "1Y": 0.6683155418365838,
    "YTD": 0.008846431104536645
  }
}