{
  "asOf": "2025-11-22",
  "bm20Level": 4702.516924,
  "bm20PrevLevel": 4732.873498,
  "bm20PointChange": -30.356575,
  "bm20ChangePct": -0.006413983933423628,
  "returns": {
    "1D": -0.006413983933423628,
    "7D": -0.12879200785349842,
    "30D": -0.2174797496718328,
    "1Y": 0.8994699649428837,
    "YTD": 0.8863601812219162
  }
}