{
  "asOf": "2026-02-13",
  "bm20Level": 3065.887302782254,
  "bm20PrevLevel": 2948.434880405482,
  "bm20PointChange": 117.45242237677212,
  "bm20ChangePct": 0.03983551516003625,
  "returns": {
    "1D": 0.03983551516003625,
    "7D": -0.01659330473932874,
    "30D": -0.32967424646790033,
    "1Y": 0.29663820615266645,
    "YTD": -0.2508420968389433
  },
  "kimchi": 0.09850332999999999,
  "kimchi_premium_pct": 9.850333,
  "kimchi_source": "/home/runner/work/bm/bm/out/latest/cache/kimchi_last.json",
  "kimchi_meta": {
    "usdkrw": 1350.0
  }
}