{
  "asOf": "2025-12-03",
  "bm20Level": 5151.246753,
  "bm20PrevLevel": 4987.399628,
  "bm20PointChange": 163.847126,
  "bm20ChangePct": 0.03285221515247971,
  "returns": {
    "1D": 0.03285221515247971,
    "7D": 0.01865778433710763,
    "30D": -0.08161892900670553,
    "1Y": 0.8409266256530847,
    "YTD": 1.0663629534590644
  }
}