{
  "asOf": "2025-11-03",
  "bm20Level": 5584.901255,
  "bm20PrevLevel": 6055.503717,
  "bm20PointChange": -470.602462,
  "bm20ChangePct": -0.07771483329260886,
  "returns": {
    "1D": -0.07771483329260886,
    "7D": -0.11056331772545058,
    "30D": -0.2105214191194711,
    "1Y": 2.7018624394966375,
    "YTD": 1.2403184326298566
  }
}