{
  "asOf": "2025-11-11",
  "bm20Level": 5771.724993,
  "bm20PrevLevel": 5998.86406,
  "bm20PointChange": -227.139068,
  "bm20ChangePct": -0.03786367974671856,
  "returns": {
    "1D": -0.03786367974671856,
    "7D": 0.07084266938574535,
    "30D": -0.1052650337612131,
    "1Y": 1.8325377161067098,
    "YTD": 1.3152606103381537
  }
}