{
  "asOf": "2025-10-14",
  "bm20Level": 6361.895954,
  "bm20PrevLevel": 6556.537754,
  "bm20PointChange": -194.6418,
  "bm20ChangePct": -0.02968667421397675,
  "returns": {
    "1D": -0.02968667421397675,
    "7D": -0.09756170042437151,
    "30D": -0.08911311086572582,
    "1Y": 3.0483587040441114,
    "YTD": 1.5520008538500574
  }
}