{
  "asOf": "2025-11-24",
  "bm20Level": 4981.121787,
  "bm20PrevLevel": 4787.010066,
  "bm20PointChange": 194.111721,
  "bm20ChangePct": 0.040549678909194586,
  "returns": {
    "1D": 0.040549678909194586,
    "7D": -0.03646660829993276,
    "30D": -0.1876637197774116,
    "1Y": 0.9619166613667691,
    "YTD": 0.998119294224806
  }
}