{
  "asOf": "2026-02-03",
  "bm20Level": 3357.024323,
  "bm20PrevLevel": 3464.397456,
  "bm20PointChange": -107.373133,
  "bm20ChangePct": -0.0309933067231416,
  "returns": {
    "1D": -0.0309933067231416,
    "7D": -0.18093713576737047,
    "30D": -0.22083967322192644,
    "1Y": 0.3741097908655757,
    "YTD": -0.17970197391277265
  }
}