{
  "asOf": "2025-11-01",
  "bm20Level": 5982.834523,
  "bm20PrevLevel": 5919.824423,
  "bm20PointChange": 63.0101,
  "bm20ChangePct": 0.010643913619480694,
  "returns": {
    "1D": 0.010643913619480694,
    "7D": -0.024301402476988976,
    "30D": -0.15506253120732416,
    "1Y": 2.8598408502677635,
    "YTD": 1.3999447525901614
  }
}