{
  "asOf": "2025-08-28",
  "bm20Level": 1551.536521,
  "bm20PrevLevel": 1528.246049,
  "bm20PointChange": 23.290472,
  "bm20ChangePct": 0.015240001286523475,
  "returns": {
    "1D": 0.015240001286523475,
    "7D": 0.03386036664712311,
    "30D": 0.05037355265645749,
    "1Y": 0.7331893306696646,
    "YTD": 0.050169331793612715
  }
}