{
  "asOf": "2026-02-17",
  "bm20Level": 3047.395643,
  "bm20PrevLevel": 3089.083363,
  "bm20PointChange": -41.687719,
  "bm20ChangePct": -0.013495174591103831,
  "returns": {
    "1D": -0.013495174591103831,
    "7D": 0.009502008328944545,
    "30D": -0.3026256175876104,
    "1Y": 0.2074702662789747,
    "YTD": -0.25536058411626417
  }
}