{
  "asOf": "2026-01-27",
  "bm20Level": 4852.514968,
  "bm20PrevLevel": 4772.550327,
  "bm20PointChange": 79.964641,
  "bm20ChangePct": 0.016755117380649276,
  "returns": {
    "1D": 0.016755117380649276,
    "7D": 0.009740647575132044,
    "30D": 0.013924929814785214,
    "1Y": 0.7562128753199644,
    "YTD": -0.0029253836236309283
  }
}