{
  "asOf": "2025-08-27",
  "bm20Level": 6702.099005,
  "bm20PrevLevel": 6751.030635,
  "bm20PointChange": -48.93163,
  "bm20ChangePct": -0.0072480237143999204,
  "returns": {
    "1D": -0.0072480237143999204,
    "7D": 0.003736290236738382,
    "30D": 0.0901191424300527,
    "1Y": 3.614184929848167,
    "YTD": 1.6884693660124945
  }
}