{
  "asOf": "2026-02-04",
  "bm20Level": 3241.286418,
  "bm20PrevLevel": 3351.125069,
  "bm20PointChange": -109.83865,
  "bm20ChangePct": -0.03277664908353095,
  "returns": {
    "1D": -0.03277664908353095,
    "7D": -0.20737185532381486,
    "30D": -0.26957695750527955,
    "1Y": 0.4131919300095015,
    "YTD": -0.20798284575838843
  }
}