{
  "asOf": "2025-11-25",
  "bm20Level": 4924.49584,
  "bm20PrevLevel": 4954.07054,
  "bm20PointChange": -29.574701,
  "bm20ChangePct": -0.005969777888516159,
  "returns": {
    "1D": -0.005969777888516159,
    "7D": -0.0662913054368729,
    "30D": -0.22116973644029203,
    "1Y": 1.0019884709225102,
    "YTD": 0.9754044515011557
  }
}