{
  "asOf": "2026-02-12",
  "bm20Level": 482.020037,
  "bm20PrevLevel": 495.035974,
  "bm20PointChange": -13.015937,
  "bm20ChangePct": -0.02629291,
  "returns": {
    "1D": 12.4775011,
    "7D": 11.93337098,
    "30D": 9.36721308,
    "MTD": 10.99332455,
    "YTD": 9.78615897
  },
  "breadth": {
    "up": 3,
    "down": 17
  },
  "kimchiPremiumPct": 9.615,
  "funding": {
    "binance": "BTC 중 / ETH 중",
    "bybit": null
  }
}