{
  "asOf": "2025-12-18",
  "bm20Level": 4495.426863,
  "bm20PrevLevel": 4553.619918,
  "bm20PointChange": -58.193056,
  "bm20ChangePct": -0.012779515370750283,
  "returns": {
    "1D": -0.012779515370750283,
    "7D": -0.1050593059133389,
    "30D": -0.1476448992977354,
    "1Y": 0.7009567193572195,
    "YTD": 0.803288402465582
  }
}