{
  "asOf": "2025-11-04",
  "bm20Level": 5384.866788,
  "bm20PrevLevel": 5609.051532,
  "bm20PointChange": -224.184744,
  "bm20ChangePct": -0.03996838734812613,
  "returns": {
    "1D": -0.03996838734812613,
    "7D": -0.12375810662065334,
    "30D": -0.24217438204096975,
    "1Y": 2.6342333570789878,
    "YTD": 1.160076923610586
  }
}