{
  "asOf": "2026-02-13",
  "bm20Level": 3065.887303,
  "bm20PrevLevel": 2948.43488,
  "bm20PointChange": 117.452422,
  "bm20ChangePct": 0.03983551516003625,
  "returns": {
    "1D": 0.03983551516003625,
    "7D": -0.01659330473932874,
    "30D": -0.32967424646790033,
    "1Y": 0.29663820615266623,
    "YTD": -0.2508420968389433
  }
}