{
  "asOf": "2025-11-15",
  "bm20Level": 5392.204056,
  "bm20PrevLevel": 5315.612925,
  "bm20PointChange": 76.59113,
  "bm20ChangePct": 0.014408711012600328,
  "returns": {
    "1D": 0.014408711012600328,
    "7D": -0.07387873368547704,
    "30D": -0.10054878633806386,
    "1Y": 1.5233381298356048,
    "YTD": 1.163020183569059
  }
}