{
  "asOf": "2026-01-22",
  "bm20Level": 4843.156061,
  "bm20PrevLevel": 4881.6518,
  "bm20PointChange": -38.495738,
  "bm20ChangePct": -0.007885801740476595,
  "returns": {
    "1D": -0.007885801740476595,
    "7D": -0.08547591074979166,
    "30D": 0.01888625713648162,
    "1Y": 0.7361356077577201,
    "YTD": -0.004848412955057002
  }
}