{
  "asOf": "2025-11-13",
  "bm20Level": 5506.832626,
  "bm20PrevLevel": 5707.404559,
  "bm20PointChange": -200.571933,
  "bm20ChangePct": -0.03514240689999426,
  "returns": {
    "1D": -0.03514240689999426,
    "7D": 0.00464785750297092,
    "30D": -0.1346413669336317,
    "1Y": 1.6134470495789501,
    "YTD": 1.2090021064223992
  }
}