{
  "asOf": "2025-12-27",
  "bm20Level": 4643.12743,
  "bm20PrevLevel": 4597.290047,
  "bm20PointChange": 45.837383,
  "bm20ChangePct": 0.009970522386591796,
  "returns": {
    "1D": 0.009970522386591796,
    "7D": -0.013593298763947659,
    "30D": -0.08180012777393131,
    "1Y": 0.8915623591961253,
    "YTD": 0.8625367739628906
  }
}