{
  "asOf": "2026-03-11",
  "bm20Level": 3068.07315,
  "bm20PrevLevel": 2998.675311,
  "bm20PointChange": 69.397839,
  "bm20ChangePct": 0.02314283202576517,
  "returns": {
    "1D": 0.02314283202576517,
    "7D": 0.02314283201833467,
    "30D": null,
    "MTD": null,
    "YTD": null
  },
  "breadth": {
    "up": null,
    "down": null
  },
  "kimchiPremiumPct": -0.651122184070804,
  "kimchi_premium_pct": -0.651122184070804
}