{
  "asOf": "2026-02-15",
  "bm20Level": 3071.654178,
  "bm20PrevLevel": 3168.496548,
  "bm20PointChange": -96.84237,
  "bm20ChangePct": -0.030564139415741876,
  "returns": {
    "1D": -0.030564139415741876,
    "7D": -0.009634494328088716,
    "30D": -0.3131330180779731,
    "1Y": 0.2866995648275863,
    "YTD": -0.24943294517440628
  }
}