{
  "asOf": "2025-12-24",
  "bm20Level": 4630.061984,
  "bm20PrevLevel": 4634.266203,
  "bm20PointChange": -4.204219,
  "bm20ChangePct": -0.0009072028163560342,
  "returns": {
    "1D": -0.0009072028163560342,
    "7D": 0.01678709844241255,
    "30D": -0.06540249148169575,
    "1Y": 0.7797358892393123,
    "YTD": 0.8572957216203103
  }
}