{
  "asOf": "2026-02-09",
  "bm20Level": 3111.148459,
  "bm20PrevLevel": 3101.535908,
  "bm20PointChange": 9.612551,
  "bm20ChangePct": 0.003099287372414272,
  "returns": {
    "1D": 0.003099287372414272,
    "7D": -0.10196549362317198,
    "30D": -0.2716145528345735,
    "1Y": 0.37591243261890717,
    "YTD": -0.23978241012143675
  }
}