{
  "asOf": "2026-02-16",
  "bm20Level": 3075.520006,
  "bm20PrevLevel": 3071.196786,
  "bm20PointChange": 4.32322,
  "bm20ChangePct": 0.001407666388230533,
  "returns": {
    "1D": 0.001407666388230533,
    "7D": -0.007100025419927047,
    "30D": -0.3116186458339679,
    "1Y": 0.2256979537348236,
    "YTD": -0.24848831956218698
  }
}