{
  "asOf": "2026-02-17",
  "bm20Level": 3047.3956433966055,
  "bm20PrevLevel": 3089.0833627027528,
  "bm20PointChange": -41.6877193061473,
  "bm20ChangePct": -0.01349517459110372,
  "returns": {
    "1D": -0.01349517459110372,
    "7D": 0.009502008328944767,
    "30D": -0.3026256175876103,
    "1Y": 0.2074702662789749,
    "YTD": -0.25536058411626406
  },
  "kimchi": 0.09850332999999999,
  "kimchi_premium_pct": 9.850333,
  "kimchi_source": "/home/runner/work/bm/bm/out/latest/cache/kimchi_last.json",
  "kimchi_meta": {
    "usdkrw": 1350.0
  }
}