{
  "asOf": "2025-12-30",
  "bm20Level": 4646.025077,
  "bm20PrevLevel": 4610.60219,
  "bm20PointChange": 35.422887,
  "bm20ChangePct": 0.007682919832510571,
  "returns": {
    "1D": 0.007682919832510571,
    "7D": 0.002537375575410117,
    "30D": -0.06311561283442946,
    "1Y": 0.91171397717026,
    "YTD": 0.8636991315216203
  }
}