{
  "asOf": "2026-03-12",
  "bm20Level": 3068.07315,
  "bm20PrevLevel": 3068.07315,
  "bm20PointChange": 0.0,
  "bm20ChangePct": 0.0,
  "returns": {
    "1D": 0.0,
    "7D": 0.02314283201833467,
    "30D": null,
    "MTD": null,
    "YTD": null
  },
  "breadth": {
    "up": null,
    "down": null
  },
  "kimchiPremiumPct": -1.228133132242252,
  "kimchi_premium_pct": -1.228133132242252
}