{"asOf": "2026-02-11", "bm20Level": 2957.155161819684, "bm20PrevLevel": 3018.711818554019, "bm20PointChange": -61.556656734334865, "bm20ChangePct": -0.020391697000020637, "returns": {"1D": -0.020391697000020637}, "kimchi": 0.09850332999999999, "kimchi_premium_pct": 9.850333, "kimchi_source": "/home/runner/work/bm/bm/out/latest/cache/kimchi_last.json", "kimchi_meta": {"usdkrw": 1350.0}}