{
  "asOf": "2026-01-11",
  "bm20Level": 4904.078837,
  "bm20PrevLevel": 4906.130419,
  "bm20PointChange": -2.051582,
  "bm20ChangePct": -0.00041816697857077756,
  "returns": {
    "1D": -0.00041816697857077756,
    "7D": -0.009755318499723331,
    "30D": 0.003614600412561897,
    "1Y": 0.8728959879429357,
    "YTD": 0.034790091061842165
  }
}