{
  "asOf": "2026-01-15",
  "bm20Level": 5139.212094,
  "bm20PrevLevel": 5251.42718,
  "bm20PointChange": -112.215087,
  "bm20ChangePct": -0.02136849333436941,
  "returns": {
    "1D": -0.02136849333436941,
    "7D": 0.04267592124995989,
    "30D": 0.08742746407681024,
    "1Y": 0.814236647097262,
    "YTD": 0.08440462048440178
  }
}