{
  "asOf": "2026-02-14",
  "bm20Level": 3184.212264,
  "bm20PrevLevel": 3059.850334,
  "bm20PointChange": 124.36193,
  "bm20ChangePct": 0.040643141585537945,
  "returns": {
    "1D": 0.040643141585537945,
    "7D": 0.026570467208753,
    "30D": -0.28643444348501934,
    "1Y": 0.330529955944717,
    "YTD": -0.22192907062381018
  }
}