{
  "asOf": "2026-02-05",
  "bm20Level": 2842.258241,
  "bm20PrevLevel": 3255.721935,
  "bm20PointChange": -413.463694,
  "bm20ChangePct": -0.126996009592369,
  "returns": {
    "1D": -0.126996009592369,
    "7D": -0.26288511663805847,
    "30D": -0.3648748992238977,
    "1Y": 0.27001166047351965,
    "YTD": -0.3054864664181107
  }
}