{
  "asOf": "2026-02-12",
  "bm20Level": 2966.625072739593,
  "bm20PrevLevel": 3018.711818554021,
  "bm20PointChange": -52.08674581442801,
  "bm20ChangePct": -0.01725462678957468,
  "returns": {
    "1D": -0.01725462678957468,
    "7D": 0.06041419329235498,
    "30D": -0.3444426758221798,
    "1Y": 0.2344492074769402,
    "YTD": -0.2750970927921105
  },
  "kimchi": 0.09850332999999999,
  "kimchi_premium_pct": 9.850333,
  "kimchi_source": "/home/runner/work/bm/bm/out/latest/cache/kimchi_last.json",
  "kimchi_meta": {
    "usdkrw": 1350.0
  }
}