{
  "asOf": "2025-08-23",
  "bm20Level": 6993.295842,
  "bm20PrevLevel": 7054.302626,
  "bm20PointChange": -61.006784,
  "bm20ChangePct": -0.008648166612287289,
  "returns": {
    "1D": -0.008648166612287289,
    "7D": 0.029154097656123756,
    "30D": 0.1367884928871197,
    "1Y": 3.3929186316514386,
    "YTD": 1.8052796035714676
  }
}