{
  "asOf": "2026-02-16",
  "bm20Level": 3075.5200061628566,
  "bm20PrevLevel": 3071.196785676019,
  "bm20PointChange": 4.323220486837727,
  "bm20ChangePct": 0.001407666388230533,
  "returns": {
    "1D": 0.001407666388230533,
    "7D": -0.007100025419927047,
    "30D": -0.3116186458339679,
    "1Y": 0.2256979537348236,
    "YTD": -0.24848831956218698
  },
  "kimchi": 0.09850332999999999,
  "kimchi_premium_pct": 9.850333,
  "kimchi_source": "/home/runner/work/bm/bm/out/latest/cache/kimchi_last.json",
  "kimchi_meta": {
    "usdkrw": 1350.0
  }
}