{
  "asOf": "2025-10-22",
  "bm20Level": 5957.940646,
  "bm20PrevLevel": 6117.198563,
  "bm20PointChange": -159.257917,
  "bm20ChangePct": -0.026034452752243253,
  "returns": {
    "1D": -0.026034452752243253,
    "7D": -0.034115385217043936,
    "30D": -0.10575323532042069,
    "1Y": 2.7567673832745205,
    "YTD": 1.389958862200177
  }
}