{
  "asOf": "2025-09-02",
  "bm20Level": 1501.944893,
  "bm20PrevLevel": 1476.829712,
  "bm20PointChange": 25.115181,
  "bm20ChangePct": 0.017006145781357507,
  "returns": {
    "1D": 0.017006145781357507,
    "7D": -0.027413451138694755,
    "30D": 0.07881285813070504,
    "1Y": 0.6974671078489836,
    "YTD": 0.01660285989550836
  }
}