{
  "asOf": "2025-12-04",
  "bm20Level": 5062.771269,
  "bm20PrevLevel": 5161.043526,
  "bm20PointChange": -98.272258,
  "bm20ChangePct": -0.019041160433148963,
  "returns": {
    "1D": -0.019041160433148963,
    "7D": 0.001186377466086741,
    "30D": -0.060691299962218115,
    "1Y": 0.7670369870999452,
    "YTD": 1.0308720378063372
  }
}