{
  "asOf": "2026-02-18",
  "bm20Level": 2976.798241975999,
  "bm20PrevLevel": 3051.4240832619403,
  "bm20PointChange": -74.62584128594108,
  "bm20ChangePct": -0.024456070100281502,
  "returns": {
    "1D": -0.024456070100281502,
    "7D": 0.010819545130353658,
    "30D": -0.30698447514129845,
    "1Y": 0.2344753359202385,
    "YTD": -0.27261125121315377
  },
  "kimchi": 0.09850332999999999,
  "kimchi_premium_pct": 9.850333,
  "kimchi_source": "/home/runner/work/bm/bm/out/latest/cache/kimchi_last.json",
  "kimchi_meta": {
    "usdkrw": 1350.0
  }
}