{
  "asOf": "2026-02-12",
  "bm20Level": 2940.459836745041,
  "bm20PrevLevel": 2944.935380718345,
  "bm20PointChange": -4.475543973304411,
  "bm20ChangePct": -0.0015197426750371834,
  "returns": {
    "1D": -0.0015197426750371834,
    "7D": 0.05106148206692018,
    "30D": -0.3502246036608836,
    "1Y": 0.22356153072475338,
    "YTD": -0.2814906393897315
  },
  "kimchi": 0.09850332999999999,
  "kimchi_premium_pct": 9.850333,
  "kimchi_source": "/home/runner/work/bm/bm/out/latest/cache/kimchi_last.json",
  "kimchi_meta": {
    "usdkrw": 1350.0
  }
}