{
  "asOf": "2025-12-28",
  "bm20Level": 4647.209253,
  "bm20PrevLevel": 4672.312157,
  "bm20PointChange": -25.102904,
  "bm20ChangePct": -0.005372694021552604,
  "returns": {
    "1D": -0.005372694021552604,
    "7D": -0.009150278646675947,
    "30D": -0.0767043361783184,
    "1Y": 0.8553254564851103,
    "YTD": 0.8641741499382567
  }
}