{
  "asOf": "2025-12-12",
  "bm20Level": 4893.61722,
  "bm20PrevLevel": 5023.156162,
  "bm20PointChange": -129.538943,
  "bm20ChangePct": -0.02578835664571366,
  "returns": {
    "1D": -0.02578835664571366,
    "7D": 0.004314538255961953,
    "30D": -0.14258448493765963,
    "1Y": 0.7286996815693498,
    "YTD": 0.9630178509209746
  }
}