{
  "asOf": "2025-09-12",
  "bm20Level": 7083.085262,
  "bm20PrevLevel": 6928.93128,
  "bm20PointChange": 154.153982,
  "bm20ChangePct": 0.022247872784672884,
  "returns": {
    "1D": 0.022247872784672884,
    "7D": 0.08051227267953842,
    "30D": -0.012422269128748442,
    "1Y": 3.9799409200857774,
    "YTD": 1.8412975890425871
  }
}