{
  "asOf": "2025-08-23",
  "bm20Level": 7007.915983,
  "bm20PrevLevel": 7054.302626,
  "bm20PointChange": -46.386643,
  "bm20ChangePct": -0.006575652583457603,
  "returns": {
    "1D": -0.006575652583457603,
    "7D": 0.0313056408654917,
    "30D": 0.1391650558993347,
    "1Y": 3.402102440249939,
    "YTD": 1.8111443038094484
  }
}