{
  "asOf": "2026-01-04",
  "bm20Level": 4942.326967,
  "bm20PrevLevel": 4892.852812,
  "bm20PointChange": 49.474155,
  "bm20ChangePct": 0.010111515112283476,
  "returns": {
    "1D": 0.010111515112283476,
    "7D": 0.05959420970196372,
    "30D": 0.014311214531303795,
    "1Y": 0.8207464593440958,
    "YTD": 0.04286067616424427
  }
}