{
  "asOf": "2025-12-31",
  "bm20Level": 4616.552893,
  "bm20PrevLevel": 4655.287007,
  "bm20PointChange": -38.734114,
  "bm20ChangePct": -0.008320456723680314,
  "returns": {
    "1D": -0.008320456723680314,
    "7D": 0.0005422195497302162,
    "30D": -0.015278169716685719,
    "1Y": 0.9041487756603428,
    "YTD": 0.8518767060377921
  }
}