{
  "asOf": "2026-02-12",
  "bm20Level": 2940.459837,
  "bm20PrevLevel": 2944.935381,
  "bm20PointChange": -4.475544,
  "bm20ChangePct": -0.0015197426750371834,
  "returns": {
    "1D": -0.0015197426750371834,
    "7D": 0.05106148206692018,
    "30D": -0.3502246036608836,
    "1Y": 0.22356153072475338,
    "YTD": -0.2814906393897315
  }
}