{
  "asOf": "2025-12-16",
  "bm20Level": 4725.598639,
  "bm20PrevLevel": 4685.144683,
  "bm20PointChange": 40.453956,
  "bm20ChangePct": 0.008634515915155294,
  "returns": {
    "1D": 0.008634515915155294,
    "7D": -0.08488604617793605,
    "30D": -0.10428275817057275,
    "1Y": 0.6401462781292251,
    "YTD": 0.8956191438300187
  }
}