{
  "asOf": "2025-08-24",
  "bm20Level": 6905.282464,
  "bm20PrevLevel": 7025.853475,
  "bm20PointChange": -120.571011,
  "bm20ChangePct": -0.017161048392983047,
  "returns": {
    "1D": -0.017161048392983047,
    "7D": 0.005567736802847056,
    "30D": 0.09808888532255366,
    "1Y": 3.306468025013335,
    "YTD": 1.7699740566655287
  }
}