{
  "asOf": "2025-11-20",
  "bm20Level": 4982.61616,
  "bm20PrevLevel": 5150.114165,
  "bm20PointChange": -167.498005,
  "bm20ChangePct": -0.03252316349250717,
  "returns": {
    "1D": -0.03252316349250717,
    "7D": -0.09923717717442837,
    "30D": -0.16526065583295413,
    "1Y": 1.2391167521328321,
    "YTD": 0.9987187445481505
  }
}