{
  "asOf": "2025-10-28",
  "bm20Level": 6151.998109,
  "bm20PrevLevel": 6279.144279,
  "bm20PointChange": -127.146171,
  "bm20ChangePct": -0.02024896465245063,
  "returns": {
    "1D": -0.02024896465245063,
    "7D": 0.03064629141655173,
    "30D": -0.0673082597351935,
    "1Y": 2.890247070191634,
    "YTD": 1.467802765076161
  }
}