{
  "asOf": "2026-01-11",
  "bm20Level": 4914.211578,
  "bm20PrevLevel": 4908.791025,
  "bm20PointChange": 5.420553,
  "bm20ChangePct": 0.0011042542458428173,
  "returns": {
    "1D": 0.0011042542458428173,
    "7D": -0.007709288398628056,
    "30D": 0.005688255258384345,
    "1Y": 0.8767657401760394,
    "YTD": 0.036928160282693634
  }
}