{
  "asOf": "2026-02-14",
  "bm20Level": 3184.2122641608307,
  "bm20PrevLevel": 3059.850333813109,
  "bm20PointChange": 124.36193034772168,
  "bm20ChangePct": 0.040643141585537945,
  "returns": {
    "1D": 0.040643141585537945,
    "7D": 0.026570467208753,
    "30D": -0.28643444348501934,
    "1Y": 0.330529955944717,
    "YTD": -0.22192907062381018
  },
  "kimchi": 0.09850332999999999,
  "kimchi_premium_pct": 9.850333,
  "kimchi_source": "/home/runner/work/bm/bm/out/latest/cache/kimchi_last.json",
  "kimchi_meta": {
    "usdkrw": 1350.0
  }
}