{
  "asOf": "2026-01-31",
  "bm20Level": 3455.544173,
  "bm20PrevLevel": 3779.128705,
  "bm20PointChange": -323.584533,
  "bm20ChangePct": -0.08562411015554205,
  "returns": {
    "1D": -0.08562411015554205,
    "7D": -0.15417571015285225,
    "30D": -0.155628380602853,
    "1Y": 0.43233969706657294,
    "YTD": -0.155628380602853
  }
}