{
  "asOf": "2025-09-04",
  "bm20Level": 6555.620919,
  "bm20PrevLevel": 6676.600467,
  "bm20PointChange": -120.979547,
  "bm20ChangePct": -0.018119932145338913,
  "returns": {
    "1D": -0.018119932145338913,
    "7D": -0.03447692889444398,
    "30D": 0.09747770881324702,
    "1Y": 3.6817177505578016,
    "YTD": 1.6297113791931697
  }
}