{
  "asOf": "2025-12-14",
  "bm20Level": 4806.563038,
  "bm20PrevLevel": 4925.44924,
  "bm20PointChange": -118.886202,
  "bm20ChangePct": -0.024137128618370363,
  "returns": {
    "1D": -0.024137128618370363,
    "7D": -0.020897978791574734,
    "30D": -0.09576504053432155,
    "1Y": 0.7068663020899881,
    "YTD": 0.9280970744628372
  }
}