{
  "asOf": "2025-08-27",
  "bm20Level": 6748.109413,
  "bm20PrevLevel": 6751.030635,
  "bm20PointChange": -2.921221,
  "bm20ChangePct": -0.00043270748191648334,
  "returns": {
    "1D": -0.00043270748191648334,
    "7D": 0.010627014602332618,
    "30D": 0.09760289150758372,
    "1Y": 3.6458616529404084,
    "YTD": 1.7069259083799793
  }
}