{
  "asOf": "2025-10-31",
  "bm20Level": 5926.804628,
  "bm20PrevLevel": 5850.549847,
  "bm20PointChange": 76.254781,
  "bm20ChangePct": 0.013033780218929536,
  "returns": {
    "1D": 0.013033780218929536,
    "7D": -0.02851144868328792,
    "30D": -0.13970499709697604,
    "1Y": 2.7954437544916537,
    "YTD": 1.3774690091290558
  }
}