{
  "asOf": "2025-10-25",
  "bm20Level": 6136.57586,
  "bm20PrevLevel": 6100.745726,
  "bm20PointChange": 35.830134,
  "bm20ChangePct": 0.005873074472031448,
  "returns": {
    "1D": 0.005873074472031448,
    "7D": 0.032921190121227184,
    "30D": -0.025432129699573203,
    "1Y": 3.062424670918741,
    "YTD": 1.4616163087391758
  }
}