{
  "asOf": "2025-12-13",
  "bm20Level": 4915.68647,
  "bm20PrevLevel": 4886.416395,
  "bm20PointChange": 29.270075,
  "bm20ChangePct": 0.005990090280241223,
  "returns": {
    "1D": 0.005990090280241223,
    "7D": 0.00427414811351845,
    "30D": -0.11133680003790847,
    "1Y": 0.7166536368355623,
    "YTD": 0.9718706748827761
  }
}