{
  "asOf": "2026-01-09",
  "bm20Level": 4912.972455,
  "bm20PrevLevel": 4928.868106,
  "bm20PointChange": -15.895651,
  "bm20ChangePct": -0.0032250104383684253,
  "returns": {
    "1D": -0.0032250104383684253,
    "7D": 0.007967979423231464,
    "30D": -0.035370713833605794,
    "1Y": 0.8957573029367549,
    "YTD": 0.036666697901810874
  }
}