{"as_of": "2026-07-02", "weights": {"canton": 0.019999999999999987, "hyperliquid": 0.019999999999999987, "sui": 0.019999999999999987, "bitcoin-cash": 0.019999999999999987, "shiba-inu": 0.019999999999999987, "tether": 0.05, "dogecoin": 0.019999999999999987, "hedera-hashgraph": 0.019999999999999987, "bitcoin": 0.32, "solana": 0.05, "avalanche-2": 0.019999999999999987, "binancecoin": 0.05, "ripple": 0.05, "ethereum": 0.2, "stellar": 0.019999999999999987, "chainlink": 0.019999999999999987, "zcash": 0.019999999999999987, "litecoin": 0.019999999999999987, "tron": 0.019999999999999987, "cardano": 0.019999999999999987}, "n_ids": 20}