{
  "asOf": "2026-01-18",
  "bm20Level": 5157.606188,
  "bm20PrevLevel": 5137.020406,
  "bm20PointChange": 20.585783,
  "bm20ChangePct": 0.004007339067283011,
  "returns": {
    "1D": 0.004007339067283011,
    "7D": 0.04845254914846886,
    "30D": 0.10146484867787953,
    "1Y": 0.7460923354131861,
    "YTD": 0.08828588495556922
  }
}