{
  "asOf": "2025-10-19",
  "bm20Level": 6085.360958,
  "bm20PrevLevel": 5940.991354,
  "bm20PointChange": 144.369604,
  "bm20ChangePct": 0.024300591515100223,
  "returns": {
    "1D": 0.024300591515100223,
    "7D": -0.05664506909008005,
    "30D": -0.12663384581924897,
    "1Y": 2.8027548917280023,
    "YTD": 1.4410720442561882
  }
}