{
  "asOf": "2025-11-16",
  "bm20Level": 5244.405213,
  "bm20PrevLevel": 5397.697182,
  "bm20PointChange": -153.291969,
  "bm20ChangePct": -0.0283995125135873,
  "returns": {
    "1D": -0.0283995125135873,
    "7D": -0.11925439307182428,
    "30D": -0.10589649929760259,
    "1Y": 1.3592385405646072,
    "YTD": 1.103732390166103
  }
}