{
  "asOf": "2026-01-28",
  "bm20Level": 4080.515639,
  "bm20PrevLevel": 4098.616199,
  "bm20PointChange": -18.100559,
  "bm20ChangePct": -0.00441626108837756,
  "returns": {
    "1D": -0.00441626108837756,
    "7D": -0.011518565275231873,
    "30D": 0.025066409514796106,
    "1Y": 0.8001551274946741,
    "YTD": -0.002914902510103401
  }
}