{
  "asOf": "2025-12-26",
  "bm20Level": 4596.334385,
  "bm20PrevLevel": 4558.164165,
  "bm20PointChange": 38.17022,
  "bm20ChangePct": 0.008374033540771153,
  "returns": {
    "1D": 0.008374033540771153,
    "7D": -0.018401061856767598,
    "30D": -0.09107600066783039,
    "1Y": 0.8608960954152021,
    "YTD": 0.8437662859976724
  }
}