{"btc_f_bin": -0.005953, "eth_f_bin": -0.002633, "btc_f_byb": 0.006528, "eth_f_byb": 0.01}