{
  "asOf": "2025-09-01",
  "bm20Level": 1462.818348,
  "bm20PrevLevel": 1489.315226,
  "bm20PointChange": -26.496878,
  "bm20ChangePct": -0.0177913162664034,
  "returns": {
    "1D": -0.0177913162664034,
    "7D": -0.02230280983490951,
    "30D": 0.07981097229391043,
    "1Y": 0.7113451838160023,
    "YTD": -0.009880240788803674
  }
}