{
  "asOf": "2025-12-10",
  "bm20Level": 5117.00444,
  "bm20PrevLevel": 5163.94556,
  "bm20PointChange": -46.94112,
  "bm20ChangePct": -0.009090165598690803,
  "returns": {
    "1D": -0.009090165598690803,
    "7D": -0.00853298103203659,
    "30D": -0.14700443475277714,
    "1Y": 0.9277389527756765,
    "YTD": 1.0526270461239111
  }
}