{
  "asOf": "2025-11-12",
  "bm20Level": 5702.642241,
  "bm20PrevLevel": 5743.311809,
  "bm20PointChange": -40.669568,
  "bm20ChangePct": -0.007081204868160884,
  "returns": {
    "1D": -0.007081204868160884,
    "7D": 0.018941955467060012,
    "30D": -0.13023573493564267,
    "1Y": 1.6614671072252878,
    "YTD": 1.2875488649962041
  }
}