{
  "asOf": "2026-01-25",
  "bm20Level": 4625.857517,
  "bm20PrevLevel": 4830.164722,
  "bm20PointChange": -204.307204,
  "bm20ChangePct": -0.04229818567429333,
  "returns": {
    "1D": -0.04229818567429333,
    "7D": -0.1061704720837724,
    "30D": -0.01856431026047145,
    "1Y": 0.6252205337920695,
    "YTD": -0.04949801501137163
  }
}