{
  "asOf": "2025-10-16",
  "bm20Level": 5982.219548,
  "bm20PrevLevel": 6168.377211,
  "bm20PointChange": -186.157663,
  "bm20ChangePct": -0.03017935784693404,
  "returns": {
    "1D": -0.03017935784693404,
    "7D": -0.14548156080456065,
    "30D": -0.13829262037214818,
    "1Y": 2.785314381815442,
    "YTD": 1.399698062256876
  }
}