{
  "asOf": "2026-01-19",
  "bm20Level": 4944.913799,
  "bm20PrevLevel": 5024.704565,
  "bm20PointChange": -79.790766,
  "bm20ChangePct": -0.015879693008736373,
  "returns": {
    "1D": -0.015879693008736373,
    "7D": 0.010309778079209186,
    "30D": 0.05051954347811072,
    "1Y": 0.759506818569488,
    "YTD": 0.043406513257508994
  }
}