{
  "asOf": "2025-11-08",
  "bm20Level": 5810.176616,
  "bm20PrevLevel": 5848.35214,
  "bm20PointChange": -38.175524,
  "bm20ChangePct": -0.006527569308782177,
  "returns": {
    "1D": -0.006527569308782177,
    "7D": -0.03164165016684661,
    "30D": -0.17005669658839928,
    "1Y": 2.3094963763161225,
    "YTD": 1.330685033379814
  }
}