{
  "asOf": "2025-10-29",
  "bm20Level": 6119.249096,
  "bm20PrevLevel": 6145.411249,
  "bm20PointChange": -26.162152,
  "bm20ChangePct": -0.004257184974988948,
  "returns": {
    "1D": -0.004257184974988948,
    "7D": 0.03919302109374323,
    "30D": -0.08516209343187697,
    "1Y": 2.746949499700449,
    "YTD": 1.454665878039001
  }
}