{
  "asOf": "2025-09-02",
  "bm20Level": 1505.936716,
  "bm20PrevLevel": 1476.829712,
  "bm20PointChange": 29.107005,
  "bm20ChangePct": 0.019709113585333782,
  "returns": {
    "1D": 0.019709113585333782,
    "7D": -0.024828540379741026,
    "30D": 0.08168009392287634,
    "1Y": 0.7019785839692154,
    "YTD": 0.019304755858600364
  }
}