{
  "asOf": "2025-11-30",
  "bm20Level": 5017.857485,
  "bm20PrevLevel": 4996.33549,
  "bm20PointChange": 21.521995,
  "bm20ChangePct": 0.0043075559274072805,
  "returns": {
    "1D": 0.0043075559274072805,
    "7D": 0.04822371700162953,
    "30D": -0.1523637990235549,
    "1Y": 0.887907162309785,
    "YTD": 1.0128553936998292
  }
}