{
  "asOf": "2026-02-22",
  "bm20Level": 2998.675311,
  "bm20PrevLevel": 2998.675311,
  "bm20PointChange": 0.0,
  "bm20ChangePct": 0.0,
  "returns": {
    "1D": 0.0,
    "7D": 82.84433571305726,
    "30D": 64.41624509450476,
    "MTD": 73.61118514151559,
    "YTD": 66.10133627122364
  },
  "breadth": {
    "up": null,
    "down": null
  },
  "kimchiPremiumPct": 1.573694206896628,
  "kimchi_premium_pct": 1.573694206896628
}