{
  "asOf": "2025-11-23",
  "bm20Level": 4839.321616,
  "bm20PrevLevel": 4710.981933,
  "bm20PointChange": 128.339683,
  "bm20ChangePct": 0.02724266077966564,
  "returns": {
    "1D": 0.02724266077966564,
    "7D": -0.08272704878236958,
    "30D": -0.20676556068281526,
    "1Y": 0.9116126464620193,
    "YTD": 0.9412377983193094
  }
}