{
  "asOf": "2026-01-23",
  "bm20Level": 4854.304284,
  "bm20PrevLevel": 4849.30678,
  "bm20PointChange": 4.997504,
  "bm20ChangePct": 0.0010305604066958018,
  "returns": {
    "1D": 0.0010305604066958018,
    "7D": -0.08252299642843242,
    "30D": 0.02595162939487672,
    "1Y": 0.6705336687553369,
    "YTD": -0.0025577225574421325
  }
}