{
  "asOf": "2025-09-24",
  "bm20Level": 6665.459243,
  "bm20PrevLevel": 6616.980521,
  "bm20PointChange": 48.478721,
  "bm20ChangePct": 0.0073264113511331,
  "returns": {
    "1D": 0.0073264113511331,
    "7D": -0.054142167097288696,
    "30D": 0.018004946713588987,
    "1Y": 3.206503335537045,
    "YTD": 1.6737717500289504
  }
}