{
  "asOf": "2025-11-17",
  "bm20Level": 5354.382026,
  "bm20PrevLevel": 5275.770543,
  "bm20PointChange": 78.611484,
  "bm20ChangePct": 0.014900474333344293,
  "returns": {
    "1D": 0.014900474333344293,
    "7D": -0.10743401211446801,
    "30D": -0.09873930008984255,
    "1Y": 1.4642291360579738,
    "YTD": 1.1478483146077716
  }
}