{
  "asOf": "2026-01-13",
  "bm20Level": 5212.897705,
  "bm20PrevLevel": 4894.453074,
  "bm20PointChange": 318.444631,
  "bm20ChangePct": 0.06506235248497672,
  "returns": {
    "1D": 0.06506235248497672,
    "7D": 0.013433446341779787,
    "30D": 0.08511530618429886,
    "1Y": 0.9939941530242997,
    "YTD": 0.09995272709422731
  }
}