{
  "asOf": "2025-10-02",
  "bm20Level": 7067.085018,
  "bm20PrevLevel": 6889.270085,
  "bm20PointChange": 177.814933,
  "bm20ChangePct": 0.025810416959198168,
  "returns": {
    "1D": 0.025810416959198168,
    "7D": 0.12234479818228428,
    "30D": 0.0709283075690279,
    "1Y": 3.8654430644820765,
    "YTD": 1.834879276681284
  }
}