{
  "asOf": "2026-02-19",
  "bm20Level": 479.774737,
  "bm20PrevLevel": 485.749476,
  "bm20PointChange": -5.974739,
  "bm20ChangePct": -0.01230004,
  "returns": {
    "1D": 12.41472148,
    "7D": 12.41472148,
    "30D": 9.16828049,
    "MTD": 10.93745838,
    "YTD": 9.7359159
  },
  "breadth": {
    "up": 4,
    "down": 16
  },
  "kimchiPremiumPct": 2.5981,
  "kimchi_premium_pct": 9.3317
}