{
  "asOf": "2025-10-12",
  "bm20Level": 6428.169669,
  "bm20PrevLevel": 6005.969531,
  "bm20PointChange": 422.200139,
  "bm20ChangePct": 0.07029674998273316,
  "returns": {
    "1D": 0.07029674998273316,
    "7D": -0.09534778781996722,
    "30D": -0.09195961013564924,
    "1Y": 3.2509469354096385,
    "YTD": 1.5785857869072513
  }
}