{
  "asOf": "2026-01-30",
  "bm20Level": 3779.913177,
  "bm20PrevLevel": 3855.923012,
  "bm20PointChange": -76.009834,
  "bm20ChangePct": -0.019712487583867788,
  "returns": {
    "1D": -0.019712487583867788,
    "7D": -0.07826505061955769,
    "30D": -0.050613177305918855,
    "1Y": 0.5267826332917431,
    "YTD": -0.0763679318627627
  }
}