{
  "asOf": "2025-12-09",
  "bm20Level": 5166.41372,
  "bm20PrevLevel": 4973.43073,
  "bm20PointChange": 192.982989,
  "bm20ChangePct": 0.038802790238840146,
  "returns": {
    "1D": 0.038802790238840146,
    "7D": 0.035893272063289405,
    "30D": -0.13235228737965232,
    "1Y": 0.9235337450213914,
    "YTD": 1.0724470061896194
  }
}