{
  "asOf": "2026-01-03",
  "bm20Level": 4891.419981,
  "bm20PrevLevel": 4874.135444,
  "bm20PointChange": 17.284536,
  "bm20ChangePct": 0.003546174781639877,
  "returns": {
    "1D": 0.003546174781639877,
    "7D": 0.046894945482355954,
    "30D": -0.03105504052508834,
    "1Y": 0.8341466175649073,
    "YTD": 0.032118996278205136
  }
}