{
  "asOf": "2025-10-01",
  "bm20Level": 6844.078603,
  "bm20PrevLevel": 6615.089925,
  "bm20PointChange": 228.988678,
  "bm20ChangePct": 0.03461610965084483,
  "returns": {
    "1D": 0.03461610965084483,
    "7D": 0.028772266577093975,
    "30D": 0.057541709286754505,
    "1Y": 3.608211597291418,
    "YTD": 1.745422836922896
  }
}