{
  "asOf": "2025-11-29",
  "bm20Level": 4994.311746,
  "bm20PrevLevel": 5033.283958,
  "bm20PointChange": -38.972212,
  "bm20ChangePct": -0.007742899628910727,
  "returns": {
    "1D": -0.007742899628910727,
    "7D": 0.06014241121993691,
    "30D": -0.14635173165340487,
    "1Y": 0.8953932132370304,
    "YTD": 1.0034102932402789
  }
}