{
  "asOf": "2025-11-17",
  "bm20Level": 5173.050748,
  "bm20PrevLevel": 5275.770543,
  "bm20PointChange": -102.719794,
  "bm20ChangePct": -0.01947010270852334,
  "returns": {
    "1D": -0.01947010270852334,
    "7D": -0.13766161455176296,
    "30D": -0.12926135728113253,
    "1Y": 1.3807756551387436,
    "YTD": 1.0751093733633468
  }
}