{
  "asOf": "2025-11-07",
  "bm20Level": 5866.672893,
  "bm20PrevLevel": 5481.356064,
  "bm20PointChange": 385.316829,
  "bm20ChangePct": 0.07029589476344289,
  "returns": {
    "1D": 0.07029589476344289,
    "7D": -0.008978565321507648,
    "30D": -0.17987452433782025,
    "1Y": 2.439501191729602,
    "YTD": 1.3533478605170877
  }
}