{
  "asOf": "2025-12-22",
  "bm20Level": 4676.881685,
  "bm20PrevLevel": 4690.125206,
  "bm20PointChange": -13.243521,
  "bm20ChangePct": -0.002823703118638554,
  "returns": {
    "1D": -0.002823703118638554,
    "7D": -0.0017636591080903985,
    "30D": -0.007238458730140507,
    "1Y": 0.9163810866480151,
    "YTD": 0.8760769019932189
  }
}