{
  "asOf": "2025-12-01",
  "bm20Level": 4688.543359,
  "bm20PrevLevel": 4959.016439,
  "bm20PointChange": -270.47308,
  "bm20ChangePct": -0.05454167846826041,
  "returns": {
    "1D": -0.05454167846826041,
    "7D": -0.05359777973666591,
    "30D": -0.21857967314215165,
    "1Y": 0.7231144153480451,
    "YTD": 0.8807548475212175
  }
}