{
  "asOf": "2026-02-19",
  "bm20Level": 480.74561,
  "bm20PrevLevel": 485.749476,
  "bm20PointChange": -5.003867,
  "bm20ChangePct": -0.01030133,
  "returns": {
    "1D": 12.44186754,
    "7D": 12.44186754,
    "30D": 9.18885704,
    "MTD": 10.96161504,
    "YTD": 9.75764112
  },
  "breadth": {
    "up": 4,
    "down": 16
  },
  "kimchiPremiumPct": 2.656
}