{
  "asOf": "2026-01-07",
  "bm20Level": 4968.864199,
  "bm20PrevLevel": 5143.79876,
  "bm20PointChange": -174.934562,
  "bm20ChangePct": -0.03400882696048846,
  "returns": {
    "1D": -0.03400882696048846,
    "7D": 0.07748034042011898,
    "30D": -0.0009181854422073421,
    "1Y": 0.8051286733169181,
    "YTD": 0.04846019141095104
  }
}