{
  "asOf": "2025-12-17",
  "bm20Level": 4552.372084,
  "bm20PrevLevel": 4726.027495,
  "bm20PointChange": -173.655411,
  "bm20ChangePct": -0.036744477450621926,
  "returns": {
    "1D": -0.036744477450621926,
    "7D": -0.10617218525957206,
    "30D": -0.1194026763791961,
    "1Y": 0.5986925173072661,
    "YTD": 0.8261313182565535
  }
}