{
  "asOf": "2026-02-19",
  "bm20Level": 2998.675311,
  "bm20PrevLevel": 2976.040476,
  "bm20PointChange": 22.634835,
  "bm20ChangePct": 0.007605687870044786,
  "returns": {
    "1D": 0.007605687870044786,
    "7D": 82.84433571305726,
    "30D": 62.553516477423834,
    "MTD": 73.61118514151559,
    "YTD": 66.10133627122364
  },
  "breadth": {
    "up": null,
    "down": null
  },
  "kimchiPremiumPct": 1.7316194675462773,
  "kimchi_premium_pct": 1.7316194675462773
}