{
  "asOf": "2025-10-15",
  "bm20Level": 6168.265803,
  "bm20PrevLevel": 6363.642096,
  "bm20PointChange": -195.376294,
  "bm20ChangePct": -0.030701961353821083,
  "returns": {
    "1D": -0.030701961353821083,
    "7D": -0.13771365513067624,
    "30D": -0.10272687781317924,
    "1Y": 2.918147324798089,
    "YTD": 1.4743283620263985
  }
}