{
  "asOf": "2025-12-20",
  "bm20Level": 4704.225899,
  "bm20PrevLevel": 4682.497308,
  "bm20PointChange": 21.728591,
  "bm20ChangePct": 0.0046403851935525875,
  "returns": {
    "1D": 0.0046403851935525875,
    "7D": -0.04491434796079763,
    "30D": -0.04089426124343931,
    "1Y": 0.8461400085287836,
    "YTD": 0.8870457167317156
  }
}