{
  "asOf": "2025-09-21",
  "bm20Level": 6960.568493,
  "bm20PrevLevel": 6997.061092,
  "bm20PointChange": -36.492599,
  "bm20ChangePct": -0.005215418114027925,
  "returns": {
    "1D": -0.005215418114027925,
    "7D": -0.00339605881659355,
    "30D": -0.013287512369713705,
    "1Y": 3.482548062027699,
    "YTD": 1.7921514067104711
  }
}