{
  "asOf": "2025-09-22",
  "bm20Level": 6650.421719,
  "bm20PrevLevel": 6953.809817,
  "bm20PointChange": -303.388099,
  "bm20ChangePct": -0.04362904745470708,
  "returns": {
    "1D": -0.04362904745470708,
    "7D": -0.032589572118747134,
    "30D": -0.05343575095441955,
    "1Y": 3.3324006158723254,
    "YTD": 1.6677396215689706
  }
}