{
  "asOf": "2025-12-29",
  "bm20Level": 4617.583146,
  "bm20PrevLevel": 4664.358225,
  "bm20PointChange": -46.775079,
  "bm20ChangePct": -0.010028191762694205,
  "returns": {
    "1D": -0.010028191762694205,
    "7D": -0.015169923969976407,
    "30D": -0.07580602719103002,
    "1Y": 0.8912287963293142,
    "YTD": 0.852289980309451
  }
}