{
  "asOf": "2026-01-17",
  "bm20Level": 5132.83399,
  "bm20PrevLevel": 5130.993199,
  "bm20PointChange": 1.840791,
  "bm20ChangePct": 0.00035875913014837835,
  "returns": {
    "1D": 0.00035875913014837835,
    "7D": 0.0462082234161012,
    "30D": 0.1444391079201075,
    "1Y": 0.6584540627419659,
    "YTD": 0.08305880220532846
  }
}