{
  "asof": "2025-11-17",
  "MTD": {
    "ETH": -0.07205565671075616,
    "BTC": -0.0846943236859837
  },
  "QTD": {
    "ETH": -0.10949821558358962,
    "BTC": -0.12560906152982723
  },
  "YTD": {
    "ETH": 0.08362452399793367,
    "BTC": 0.05114164159463036
  }
}