{
  "asof": "2026-01-29",
  "MTD": {
    "ETH": -0.019937085322359854,
    "BTC": -0.027125065399427654
  },
  "QTD": {
    "ETH": -0.019937085322359854,
    "BTC": -0.027125065399427654
  },
  "YTD": {
    "ETH": -0.019937085322359854,
    "BTC": -0.027125065399427654
  }
}