{
  "asof": "2026-01-03",
  "MTD": {
    "ETH": 0.01604994034370346,
    "BTC": 0.0125493524965401
  },
  "QTD": {
    "ETH": 0.01604994034370346,
    "BTC": 0.0125493524965401
  },
  "YTD": {
    "ETH": 0.01604994034370346,
    "BTC": 0.0125493524965401
  }
}