{
  "asof": "2026-01-17",
  "MTD": {
    "BTC": 0.04252648294083434,
    "ETH": 0.03999918152688892
  },
  "QTD": {
    "BTC": 0.04252648294083434,
    "ETH": 0.03999918152688892
  },
  "YTD": {
    "BTC": 0.04252648294083434,
    "ETH": 0.03999918152688892
  }
}