{
  "asof": "2025-10-15",
  "MTD": {
    "ETH": -0.029305892806433767,
    "BTC": -0.035765381833235514
  },
  "QTD": {
    "ETH": -0.029305892806433767,
    "BTC": -0.035765381833235514
  },
  "YTD": {
    "ETH": 0.16381684677508948,
    "BTC": 0.14098532129122213
  }
}