{
  "asof": "2025-10-13",
  "MTD": {
    "ETH": -0.0010471097733443895,
    "BTC": -0.012558905052430664
  },
  "QTD": {
    "ETH": -0.0010471097733443895,
    "BTC": -0.012558905052430664
  },
  "YTD": {
    "ETH": 0.19207562980817888,
    "BTC": 0.164191798072027
  }
}