{
  "asof": "2025-09-26",
  "MTD": {
    "BTC": 0.002840787483840693,
    "ETH": -0.0232952710673068
  },
  "QTD": {
    "ETH": 0.23019266727304477,
    "BTC": 0.02762478873767609
  },
  "YTD": {
    "ETH": 0.16209595602093294,
    "BTC": 0.12818303147938323
  }
}