{
  "asof": "2026-02-12",
  "MTD": {
    "ETH": -0.052560047626741255,
    "BTC": -0.07802930323897467
  },
  "QTD": {
    "ETH": -0.15567717008064783,
    "BTC": -0.1585070578311039
  },
  "YTD": {
    "ETH": -0.15567717008064783,
    "BTC": -0.1585070578311039
  }
}