{
  "asof": "2025-10-26",
  "MTD": {
    "ETH": -0.01090822765252182,
    "BTC": -0.017793505858836003
  },
  "QTD": {
    "ETH": -0.01090822765252182,
    "BTC": -0.017793505858836003
  },
  "YTD": {
    "ETH": 0.18221451192900145,
    "BTC": 0.15895719726562163
  }
}