{
  "asof": "2026-01-27",
  "MTD": {
    "ETH": 0.006537601625126397,
    "BTC": 0.006054922905472532
  },
  "QTD": {
    "ETH": 0.006537601625126397,
    "BTC": 0.006054922905472532
  },
  "YTD": {
    "ETH": 0.006537601625126397,
    "BTC": 0.006054922905472532
  }
}