{
  "asof": "2025-10-11",
  "MTD": {
    "BTC": -0.036551601140474704,
    "ETH": -0.05505873737755396
  },
  "QTD": {
    "BTC": -0.036551601140474704,
    "ETH": -0.05505873737755396
  },
  "YTD": {
    "BTC": 0.14019910198398297,
    "ETH": 0.1380640022039693
  }
}