{
  "asof": "2025-12-27",
  "MTD": {
    "ETH": 0.0229830382570877,
    "BTC": 0.010737336586854055
  },
  "QTD": {
    "ETH": -0.13548189288036047,
    "BTC": -0.1701784800190159
  },
  "YTD": {
    "ETH": 0.0576408467011628,
    "BTC": 0.006572223105441646
  }
}