{
  "asof": "2025-12-19",
  "MTD": {
    "ETH": 0.03091125486428857,
    "BTC": 0.015986728635228833
  },
  "QTD": {
    "ETH": -0.1275536762731596,
    "BTC": -0.16492908797064115
  },
  "YTD": {
    "ETH": 0.06556906330836366,
    "BTC": 0.011821615153816425
  }
}