{
  "asof": "2026-01-08",
  "MTD": {
    "BTC": 0.01580860333820218,
    "ETH": 0.015282238860608371
  },
  "QTD": {
    "BTC": 0.01580860333820218,
    "ETH": 0.015282238860608371
  },
  "YTD": {
    "BTC": 0.01580860333820218,
    "ETH": 0.015282238860608371
  }
}