{
  "asof": "2025-09-12",
  "MTD": {
    "ETH": 0.0373210053815575,
    "BTC": 0.03705924610283349
  },
  "QTD": {
    "ETH": 0.2908089437219091,
    "BTC": 0.06184324735666888
  },
  "YTD": {
    "ETH": 0.2227122324697972,
    "BTC": 0.16240149009837604
  }
}