{
  "asof": "2025-12-03",
  "MTD": {
    "ETH": 0.05143769173361719,
    "BTC": 0.04986075114227914
  },
  "QTD": {
    "ETH": -0.107027239403831,
    "BTC": -0.13105506546359083
  },
  "YTD": {
    "ETH": 0.08609550017769228,
    "BTC": 0.045695637660866734
  }
}