{
  "asof": "2025-10-29",
  "MTD": {
    "ETH": -0.031207950240409545,
    "BTC": -0.035245754583653165
  },
  "QTD": {
    "ETH": -0.031207950240409545,
    "BTC": -0.035245754583653165
  },
  "YTD": {
    "ETH": 0.16191478934111372,
    "BTC": 0.14150494854080445
  }
}