{
  "asof": "2026-02-07",
  "MTD": {
    "ETH": -0.02370110361832488,
    "BTC": -0.0507058452548415
  },
  "QTD": {
    "ETH": -0.12681822607223145,
    "BTC": -0.13118359984697073
  },
  "YTD": {
    "ETH": -0.12681822607223145,
    "BTC": -0.13118359984697073
  }
}