{
  "asof": "2025-10-07",
  "MTD": {
    "BTC": 0.017460724343624022,
    "ETH": 0.014735245239605812
  },
  "QTD": {
    "BTC": 0.017460724343624022,
    "ETH": 0.014735245239605812
  },
  "YTD": {
    "ETH": 0.2078579848211291,
    "BTC": 0.1942114274680817
  }
}