{
  "asof": "2025-09-23",
  "MTD": {
    "BTC": 0.01646034313719451,
    "ETH": -0.010087872603933467
  },
  "QTD": {
    "ETH": 0.2434000657364181,
    "BTC": 0.041244344391029905
  },
  "YTD": {
    "ETH": 0.17530335448430626,
    "BTC": 0.14180258713273705
  }
}