{
  "asof": "2026-02-13",
  "MTD": {
    "ETH": -0.02980400124773049,
    "BTC": -0.053695144052488986
  },
  "QTD": {
    "ETH": -0.13292112370163706,
    "BTC": -0.13417289864461823
  },
  "YTD": {
    "ETH": -0.13292112370163706,
    "BTC": -0.13417289864461823
  }
}