{
  "asof": "2025-09-19",
  "MTD": {
    "BTC": 0.03476225424613872,
    "ETH": 0.016057497944019207
  },
  "QTD": {
    "ETH": 0.2695454362843708,
    "BTC": 0.05954625549997412
  },
  "YTD": {
    "ETH": 0.2014487250322589,
    "BTC": 0.16010449824168127
  }
}