{
  "asof": "2025-10-09",
  "MTD": {
    "BTC": 0.015354235666452287,
    "ETH": 0.0032259465457923162
  },
  "QTD": {
    "BTC": 0.015354235666452287,
    "ETH": 0.0032259465457923162
  },
  "YTD": {
    "ETH": 0.1963486861273156,
    "BTC": 0.19210493879090995
  }
}