{
  "asof": "2025-12-09",
  "MTD": {
    "ETH": 0.07176584853598707,
    "BTC": 0.0451905895418349
  },
  "QTD": {
    "ETH": -0.0866990826014611,
    "BTC": -0.13572522706403506
  },
  "YTD": {
    "ETH": 0.10642365698006218,
    "BTC": 0.04102547606042249
  }
}