{
  "asof": "2026-01-11",
  "MTD": {
    "ETH": 0.012852128199702755,
    "BTC": 0.012452488022396938
  },
  "QTD": {
    "ETH": 0.012852128199702755,
    "BTC": 0.012452488022396938
  },
  "YTD": {
    "ETH": 0.012852128199702755,
    "BTC": 0.012452488022396938
  }
}