{
  "asof": "2025-09-09",
  "MTD": {
    "BTC": 0.012306581987060763,
    "ETH": 0.0002594711428162356
  },
  "QTD": {
    "ETH": 0.2537474094831679,
    "BTC": 0.03709058324089615
  },
  "YTD": {
    "ETH": 0.18565069823105596,
    "BTC": 0.13764882598260333
  }
}