{
  "asof": "2025-11-11",
  "MTD": {
    "BTC": -0.037739013633015614,
    "ETH": -0.04369922894693108
  },
  "QTD": {
    "BTC": -0.07865375147685914,
    "ETH": -0.08114178781976454
  },
  "YTD": {
    "ETH": 0.11198095176175876,
    "BTC": 0.09809695164759845
  }
}