{
  "asof": "2025-11-16",
  "MTD": {
    "ETH": -0.08625326279116816,
    "BTC": -0.09305642531816766
  },
  "QTD": {
    "ETH": -0.12369582166400162,
    "BTC": -0.1339711631620112
  },
  "YTD": {
    "ETH": 0.06942691791752167,
    "BTC": 0.0427795399624464
  }
}