{
  "asof": "2026-02-01",
  "MTD": {},
  "QTD": {
    "BTC": -0.07797252356074784,
    "ETH": -0.09500696554677358
  },
  "YTD": {
    "BTC": -0.07797252356074784,
    "ETH": -0.09500696554677358
  }
}