{
  "asof": "2026-02-04",
  "MTD": {
    "ETH": -0.023578884967876544,
    "BTC": -0.0324941180044717
  },
  "QTD": {
    "BTC": -0.11297187259660092,
    "ETH": -0.1266960074217831
  },
  "YTD": {
    "BTC": -0.11297187259660092,
    "ETH": -0.1266960074217831
  }
}