{
  "asof": "2025-09-07",
  "MTD": {
    "BTC": 0.010844013599449333,
    "ETH": -0.0005323213235084012
  },
  "QTD": {
    "ETH": 0.2529556170168432,
    "BTC": 0.03562801485328471
  },
  "YTD": {
    "ETH": 0.1848589057647313,
    "BTC": 0.13618625759499192
  }
}