{
  "asof": "2025-09-03",
  "MTD": {
    "BTC": 0.012498277910579026,
    "ETH": 0.004737964171670406
  },
  "QTD": {
    "ETH": 0.258225902512022,
    "BTC": 0.03728227916441441
  },
  "YTD": {
    "ETH": 0.1901291912599101,
    "BTC": 0.13784052190612162
  }
}