{
  "asof": "2025-11-05",
  "MTD": {
    "BTC": -0.03629293460255136,
    "ETH": -0.04588562691605351
  },
  "QTD": {
    "BTC": -0.07720767244639488,
    "ETH": -0.08332818578888697
  },
  "YTD": {
    "ETH": 0.10979455379263632,
    "BTC": 0.09954303067806271
  }
}