{
  "asof": "2025-10-19",
  "MTD": {
    "ETH": -0.02428942787304287,
    "BTC": -0.04566780344131288
  },
  "QTD": {
    "ETH": -0.02428942787304287,
    "BTC": -0.04566780344131288
  },
  "YTD": {
    "ETH": 0.1688333117084804,
    "BTC": 0.13108289968314474
  }
}