{
  "asof": "2025-10-12",
  "MTD": {
    "ETH": -0.013241246903184269,
    "BTC": -0.01440196890747027
  },
  "QTD": {
    "ETH": -0.013241246903184269,
    "BTC": -0.01440196890747027
  },
  "YTD": {
    "ETH": 0.179881492678339,
    "BTC": 0.1623487342169874
  }
}