{
  "asof": "2025-11-26",
  "MTD": {
    "ETH": -0.09080064549799649,
    "BTC": -0.1141208750236837
  },
  "QTD": {
    "ETH": -0.12824320437082995,
    "BTC": -0.15503561286752723
  },
  "YTD": {
    "ETH": 0.06487953521069335,
    "BTC": 0.021715090256930338
  }
}