{
  "asof": "2025-10-06",
  "MTD": {
    "BTC": 0.03185963718175331,
    "ETH": 0.03089170603216527
  },
  "QTD": {
    "BTC": 0.03185963718175331,
    "ETH": 0.03089170603216527
  },
  "YTD": {
    "ETH": 0.22401444561368858,
    "BTC": 0.20861034030621098
  }
}