{
  "asof": "2025-11-10",
  "MTD": {
    "BTC": -0.022359288590244362,
    "ETH": -0.029990586122080744
  },
  "QTD": {
    "BTC": -0.06327402643408789,
    "ETH": -0.06743314499491421
  },
  "YTD": {
    "ETH": 0.1256895945866091,
    "BTC": 0.1134766766903697
  }
}