{
  "asof": "2025-09-04",
  "MTD": {
    "BTC": 0.00912733304252187,
    "ETH": 0.0017240395323352854
  },
  "QTD": {
    "ETH": 0.25521197787268685,
    "BTC": 0.03391133429635725
  },
  "YTD": {
    "ETH": 0.18711526662057498,
    "BTC": 0.13446957703806445
  }
}