{
  "asof": "2026-01-21",
  "MTD": {
    "BTC": 0.00970676493563806,
    "ETH": 0.004977434549400115
  },
  "QTD": {
    "BTC": 0.00970676493563806,
    "ETH": 0.004977434549400115
  },
  "YTD": {
    "BTC": 0.00970676493563806,
    "ETH": 0.004977434549400115
  }
}