{
  "asof": "2025-09-06",
  "MTD": {
    "BTC": 0.005333570200852369,
    "ETH": -0.003065149766792087
  },
  "QTD": {
    "ETH": 0.2504227885735595,
    "BTC": 0.03011757145468775
  },
  "YTD": {
    "ETH": 0.1823260773214476,
    "BTC": 0.13067581419639496
  }
}