{
  "asof": "2025-10-23",
  "MTD": {
    "ETH": -0.04085054044227641,
    "BTC": -0.041180985143219384
  },
  "QTD": {
    "ETH": -0.04085054044227641,
    "BTC": -0.041180985143219384
  },
  "YTD": {
    "ETH": 0.15227219913924686,
    "BTC": 0.13556971798123824
  }
}