{
  "asof": "2026-01-19",
  "MTD": {
    "BTC": 0.02817448370528554,
    "ETH": 0.028084182545250462
  },
  "QTD": {
    "BTC": 0.02817448370528554,
    "ETH": 0.028084182545250462
  },
  "YTD": {
    "BTC": 0.02817448370528554,
    "ETH": 0.028084182545250462
  }
}