{
  "asof": "2025-09-28",
  "MTD": {
    "BTC": 0.015317385990574466,
    "ETH": -0.014733184921304017
  },
  "QTD": {
    "ETH": 0.23875475341904753,
    "BTC": 0.04010138724440986
  },
  "YTD": {
    "ETH": 0.1706580421669357,
    "BTC": 0.140659629986117
  }
}