{
  "asof": "2025-12-16",
  "MTD": {
    "ETH": 0.02545675126083929,
    "BTC": 0.01269993278143629
  },
  "QTD": {
    "ETH": -0.1330081798766089,
    "BTC": -0.1682158838244337
  },
  "YTD": {
    "ETH": 0.06011455970491438,
    "BTC": 0.008534819300023882
  }
}