{
  "asof": "2026-01-26",
  "MTD": {
    "BTC": -0.0023964613602406593,
    "ETH": -0.006044617574909509
  },
  "QTD": {
    "BTC": -0.0023964613602406593,
    "ETH": -0.006044617574909509
  },
  "YTD": {
    "BTC": -0.0023964613602406593,
    "ETH": -0.006044617574909509
  }
}