{
  "asof": "2025-11-13",
  "MTD": {
    "BTC": -0.0580143794134802,
    "ETH": -0.06888247227800104
  },
  "QTD": {
    "BTC": -0.09892911725732373,
    "ETH": -0.1063250311508345
  },
  "YTD": {
    "ETH": 0.08679770843068879,
    "BTC": 0.07782158586713386
  }
}