{
  "asof": "2025-12-20",
  "MTD": {
    "ETH": 0.02899971085567655,
    "BTC": 0.015766540248417775
  },
  "QTD": {
    "ETH": -0.12946522028177163,
    "BTC": -0.1651492763574522
  },
  "YTD": {
    "ETH": 0.06365751929975164,
    "BTC": 0.011601426767005367
  }
}