{
  "asof": "2025-11-08",
  "MTD": {
    "BTC": -0.04229550443068279,
    "ETH": -0.04839526564737788
  },
  "QTD": {
    "BTC": -0.08321024227452632,
    "ETH": -0.08583782452021134
  },
  "YTD": {
    "ETH": 0.10728491506131195,
    "BTC": 0.09354046084993127
  }
}