{
  "asof": "2025-10-24",
  "MTD": {
    "ETH": -0.031651575984427936,
    "BTC": -0.03587368798265923
  },
  "QTD": {
    "ETH": -0.031651575984427936,
    "BTC": -0.03587368798265923
  },
  "YTD": {
    "ETH": 0.16147116359709532,
    "BTC": 0.1408770151417984
  }
}