{
  "asof": "2025-09-08",
  "MTD": {
    "BTC": 0.01680703661872851,
    "ETH": 0.0006114117318338763
  },
  "QTD": {
    "ETH": 0.2540993500721855,
    "BTC": 0.041591037872563894
  },
  "YTD": {
    "ETH": 0.18600263882007356,
    "BTC": 0.1421492806142711
  }
}