{
  "asof": "2025-10-05",
  "MTD": {
    "BTC": 0.02233490050263103,
    "ETH": 0.014335091277422853
  },
  "QTD": {
    "BTC": 0.02233490050263103,
    "ETH": 0.014335091277422853
  },
  "YTD": {
    "ETH": 0.20745783085894617,
    "BTC": 0.1990856036270887
  }
}