{
  "asof": "2025-11-30",
  "MTD": {
    "ETH": -0.09116952410129496,
    "BTC": -0.10836381996138997
  },
  "QTD": {
    "ETH": -0.1286120829741284,
    "BTC": -0.1492785578052335
  },
  "YTD": {
    "ETH": 0.06451065660739488,
    "BTC": 0.027472145319224074
  }
}