{
  "asof": "2025-10-20",
  "MTD": {
    "ETH": -0.026925583866726926,
    "BTC": -0.03739065497708144
  },
  "QTD": {
    "ETH": -0.026925583866726926,
    "BTC": -0.03739065497708144
  },
  "YTD": {
    "ETH": 0.16619715571479635,
    "BTC": 0.13936004814737618
  }
}