{
  "asof": "2026-02-06",
  "MTD": {
    "ETH": -0.02769681950680397,
    "BTC": -0.0354992984754858
  },
  "QTD": {
    "BTC": -0.11597705306761502,
    "ETH": -0.13081394196071053
  },
  "YTD": {
    "BTC": -0.11597705306761502,
    "ETH": -0.13081394196071053
  }
}