{
  "asof": "2025-12-15",
  "MTD": {
    "ETH": 0.02340793534276436,
    "BTC": 0.0003127703355996249
  },
  "QTD": {
    "ETH": -0.1350569957946838,
    "BTC": -0.18060304627027035
  },
  "YTD": {
    "ETH": 0.058065743786839444,
    "BTC": -0.003852343145812783
  }
}