{
  "asof": "2025-12-24",
  "MTD": {
    "ETH": 0.026751390179048113,
    "BTC": 0.013596832794048932
  },
  "QTD": {
    "ETH": -0.13171354095840004,
    "BTC": -0.16731898381182103
  },
  "YTD": {
    "ETH": 0.061409198623123204,
    "BTC": 0.009431719312636524
  }
}