{
  "asof": "2026-02-15",
  "MTD": {
    "ETH": -0.044568939641743605,
    "BTC": -0.052583091071761824
  },
  "QTD": {
    "BTC": -0.13306084566389106,
    "ETH": -0.1476860620956502
  },
  "YTD": {
    "BTC": -0.13306084566389106,
    "ETH": -0.1476860620956502
  }
}