{
  "asof": "2025-11-12",
  "MTD": {
    "BTC": -0.04554555681988767,
    "ETH": -0.04687502337530281
  },
  "QTD": {
    "ETH": -0.08431758224813628,
    "BTC": -0.0864602946637312
  },
  "YTD": {
    "ETH": 0.10880515733338703,
    "BTC": 0.09029040846072639
  }
}