{
  "asof": "2025-12-12",
  "MTD": {
    "ETH": 0.04310860616312234,
    "BTC": 0.029278747009859336
  },
  "QTD": {
    "ETH": -0.11535632497432584,
    "BTC": -0.15163706959601067
  },
  "YTD": {
    "ETH": 0.07776641460719742,
    "BTC": 0.02511363352844693
  }
}