{
  "asof": "2026-02-09",
  "MTD": {
    "ETH": -0.01869391551943439,
    "BTC": -0.041709961141153336
  },
  "QTD": {
    "ETH": -0.12181103797334095,
    "BTC": -0.12218771573328255
  },
  "YTD": {
    "ETH": -0.12181103797334095,
    "BTC": -0.12218771573328255
  }
}