{
  "asof": "2026-01-23",
  "MTD": {
    "BTC": 0.007888452884214373,
    "ETH": -0.0022451463014840495
  },
  "QTD": {
    "BTC": 0.007888452884214373,
    "ETH": -0.0022451463014840495
  },
  "YTD": {
    "BTC": 0.007888452884214373,
    "ETH": -0.0022451463014840495
  }
}