{
  "asof": "2026-01-02",
  "MTD": {
    "ETH": 0.017502322082506263,
    "BTC": 0.009686578983374616
  },
  "QTD": {
    "ETH": 0.017502322082506263,
    "BTC": 0.009686578983374616
  },
  "YTD": {
    "ETH": 0.017502322082506263,
    "BTC": 0.009686578983374616
  }
}