{
  "asof": "2026-02-08",
  "MTD": {
    "ETH": -0.021271824641676994,
    "BTC": -0.03778142853140874
  },
  "QTD": {
    "BTC": -0.11825918312353796,
    "ETH": -0.12438894709558355
  },
  "YTD": {
    "BTC": -0.11825918312353796,
    "ETH": -0.12438894709558355
  }
}