{
  "asof": "2025-12-14",
  "MTD": {
    "ETH": 0.03975379278122949,
    "BTC": 0.015126426321512268
  },
  "QTD": {
    "ETH": -0.11871113835621869,
    "BTC": -0.1657893902843577
  },
  "YTD": {
    "ETH": 0.07441160122530457,
    "BTC": 0.01096131284009986
  }
}