{
  "asof": "2025-12-11",
  "MTD": {
    "ETH": 0.062391880746251134,
    "BTC": 0.04402658456862103
  },
  "QTD": {
    "ETH": -0.09607305039119703,
    "BTC": -0.13688923203724895
  },
  "YTD": {
    "ETH": 0.09704968919032624,
    "BTC": 0.039861471087208625
  }
}