{
  "asof": "2025-10-17",
  "MTD": {
    "ETH": -0.04122318572745205,
    "BTC": -0.058495735514942325
  },
  "QTD": {
    "ETH": -0.04122318572745205,
    "BTC": -0.058495735514942325
  },
  "YTD": {
    "ETH": 0.15189955385407122,
    "BTC": 0.1182549676095153
  }
}