{
  "asof": "2025-10-31",
  "MTD": {
    "ETH": -0.03908716155638739,
    "BTC": -0.043228631970204046
  },
  "QTD": {
    "ETH": -0.03908716155638739,
    "BTC": -0.043228631970204046
  },
  "YTD": {
    "ETH": 0.1540355780251359,
    "BTC": 0.13352207115425357
  }
}