{
  "asof": "2025-12-21",
  "MTD": {
    "ETH": 0.030995306141048937,
    "BTC": 0.016733734033293594
  },
  "QTD": {
    "ETH": -0.12746962499639924,
    "BTC": -0.16418208257257638
  },
  "YTD": {
    "ETH": 0.06565311458512402,
    "BTC": 0.012568620551881186
  }
}