{
  "asof": "2026-01-05",
  "MTD": {
    "BTC": 0.036887642469175044,
    "ETH": 0.03205039288376774
  },
  "QTD": {
    "BTC": 0.036887642469175044,
    "ETH": 0.03205039288376774
  },
  "YTD": {
    "BTC": 0.036887642469175044,
    "ETH": 0.03205039288376774
  }
}