{
  "asof": "2025-09-05",
  "MTD": {
    "BTC": 0.008795217986644666,
    "ETH": -0.00014887830905370263
  },
  "QTD": {
    "ETH": 0.25333906003129786,
    "BTC": 0.03357921924048005
  },
  "YTD": {
    "ETH": 0.185242348779186,
    "BTC": 0.13413746198218723
  }
}