{
  "asof": "2026-02-11",
  "MTD": {
    "ETH": -0.050474386580713494,
    "BTC": -0.06723951938747874
  },
  "QTD": {
    "BTC": -0.14771727397960796,
    "ETH": -0.15359150903462004
  },
  "YTD": {
    "BTC": -0.14771727397960796,
    "ETH": -0.15359150903462004
  }
}