{
  "asof": "2025-10-08",
  "MTD": {
    "BTC": 0.023876954535120953,
    "ETH": 0.01708749100079179
  },
  "QTD": {
    "BTC": 0.023876954535120953,
    "ETH": 0.01708749100079179
  },
  "YTD": {
    "ETH": 0.21021023058231508,
    "BTC": 0.20062765765957863
  }
}