{
  "asof": "2025-11-06",
  "MTD": {
    "BTC": -0.049754790154642584,
    "ETH": -0.05976079998347128
  },
  "QTD": {
    "BTC": -0.09066952799848611,
    "ETH": -0.09720335885630474
  },
  "YTD": {
    "ETH": 0.09591938072521855,
    "BTC": 0.08608117512597148
  }
}