{
  "asof": "2025-11-27",
  "MTD": {
    "ETH": -0.09076813400243851,
    "BTC": -0.10579891887052544
  },
  "QTD": {
    "ETH": -0.12821069287527195,
    "BTC": -0.14671365671436898
  },
  "YTD": {
    "ETH": 0.06491204670625134,
    "BTC": 0.03003704641008861
  }
}