{
  "asof": "2025-12-07",
  "MTD": {
    "ETH": 0.03662503332932472,
    "BTC": 0.026072692558151297
  },
  "QTD": {
    "ETH": -0.12183989780812346,
    "BTC": -0.1548431240477187
  },
  "YTD": {
    "ETH": 0.07128284177339982,
    "BTC": 0.02190757907673889
  }
}