{
  "asof": "2026-01-28",
  "MTD": {
    "ETH": 0.006039052435874435,
    "BTC": 0.005726604113404704
  },
  "QTD": {
    "ETH": 0.006039052435874435,
    "BTC": 0.005726604113404704
  },
  "YTD": {
    "ETH": 0.006039052435874435,
    "BTC": 0.005726604113404704
  }
}