{
  "asof": "2025-10-16",
  "MTD": {
    "ETH": -0.03892875099566054,
    "BTC": -0.05354135030816218
  },
  "QTD": {
    "ETH": -0.03892875099566054,
    "BTC": -0.05354135030816218
  },
  "YTD": {
    "ETH": 0.15419398858586272,
    "BTC": 0.12320935281629547
  }
}