{
  "asof": "2025-10-27",
  "MTD": {
    "ETH": -0.012089786472437237,
    "BTC": -0.018415373255969994
  },
  "QTD": {
    "ETH": -0.012089786472437237,
    "BTC": -0.018415373255969994
  },
  "YTD": {
    "ETH": 0.18103295310908604,
    "BTC": 0.15833532986848764
  }
}