{
  "asof": "2025-11-28",
  "MTD": {
    "ETH": -0.09013258898873501,
    "BTC": -0.10946664468074446
  },
  "QTD": {
    "ETH": -0.12757514786156846,
    "BTC": -0.15038138252458802
  },
  "YTD": {
    "ETH": 0.06554759171995483,
    "BTC": 0.026369320599869572
  }
}