{
  "asof": "2026-01-16",
  "MTD": {
    "BTC": 0.04406020510051551,
    "ETH": 0.038259663957768406
  },
  "QTD": {
    "BTC": 0.04406020510051551,
    "ETH": 0.038259663957768406
  },
  "YTD": {
    "BTC": 0.04406020510051551,
    "ETH": 0.038259663957768406
  }
}