{
  "asof": "2026-01-13",
  "MTD": {
    "BTC": 0.045469158379812046,
    "ETH": 0.04376628588213251
  },
  "QTD": {
    "BTC": 0.045469158379812046,
    "ETH": 0.04376628588213251
  },
  "YTD": {
    "BTC": 0.045469158379812046,
    "ETH": 0.04376628588213251
  }
}