{
  "asof": "2025-09-22",
  "MTD": {
    "BTC": 0.019520190950972016,
    "ETH": -0.009047079804689639
  },
  "QTD": {
    "ETH": 0.24444085853566191,
    "BTC": 0.04430419220480741
  },
  "YTD": {
    "ETH": 0.17634414728355008,
    "BTC": 0.14486243494651455
  }
}