{
  "asof": "2025-12-06",
  "MTD": {
    "ETH": 0.035741255194487564,
    "BTC": 0.0226186375794833
  },
  "QTD": {
    "ETH": -0.12272367594296062,
    "BTC": -0.15829717902638668
  },
  "YTD": {
    "ETH": 0.07039906363856266,
    "BTC": 0.01845352409807089
  }
}