{
  "asof": "2025-11-23",
  "MTD": {
    "ETH": -0.11789804938095397,
    "BTC": -0.13129170125527162
  },
  "QTD": {
    "ETH": -0.15534060825378743,
    "BTC": -0.17220643909911515
  },
  "YTD": {
    "ETH": 0.03778213132773586,
    "BTC": 0.004544264025342418
  }
}