{
  "asof": "2025-12-01",
  "MTD": {},
  "QTD": {
    "ETH": -0.15866914643559576,
    "BTC": -0.17943921305849522
  },
  "YTD": {
    "ETH": 0.03445359314592751,
    "BTC": -0.0026885099340376514
  }
}