{
  "asof": "2025-12-26",
  "MTD": {
    "ETH": 0.022272518564364588,
    "BTC": 0.010247790655298752
  },
  "QTD": {
    "ETH": -0.13619241257308357,
    "BTC": -0.1706680259505712
  },
  "YTD": {
    "ETH": 0.05693032700843968,
    "BTC": 0.0060826771738863444
  }
}