{
  "asof": "2025-09-10",
  "MTD": {
    "BTC": 0.024844521699845013,
    "ETH": 0.002894570208774593
  },
  "QTD": {
    "ETH": 0.25638250854912625,
    "BTC": 0.0496285229536804
  },
  "YTD": {
    "ETH": 0.1882857972970143,
    "BTC": 0.15018676569538758
  }
}