{
  "asof": "2025-09-27",
  "MTD": {
    "BTC": 0.003713280390468191,
    "ETH": -0.02371332717547991
  },
  "QTD": {
    "ETH": 0.22977461116487166,
    "BTC": 0.028497281644303585
  },
  "YTD": {
    "ETH": 0.16167789991275983,
    "BTC": 0.1290555243860107
  }
}