{
  "asof": "2026-02-14",
  "MTD": {
    "ETH": -0.02160337570046807,
    "BTC": -0.043981408195488104
  },
  "QTD": {
    "BTC": -0.12445916278761734,
    "ETH": -0.12472049815437464
  },
  "YTD": {
    "BTC": -0.12445916278761734,
    "ETH": -0.12472049815437464
  }
}