{
  "asof": "2026-01-09",
  "MTD": {
    "BTC": 0.012183162026835228,
    "ETH": 0.011458390686132608
  },
  "QTD": {
    "BTC": 0.012183162026835228,
    "ETH": 0.011458390686132608
  },
  "YTD": {
    "BTC": 0.012183162026835228,
    "ETH": 0.011458390686132608
  }
}