{
  "asof": "2025-12-08",
  "MTD": {
    "ETH": 0.04611631563247478,
    "BTC": 0.03218626566421212
  },
  "QTD": {
    "ETH": -0.11234861550497338,
    "BTC": -0.14872955094165785
  },
  "YTD": {
    "ETH": 0.0807741240765499,
    "BTC": 0.02802115218279971
  }
}