{
  "asof": "2026-01-24",
  "MTD": {
    "BTC": 0.005383065181028793,
    "ETH": -0.0021369486356673595
  },
  "QTD": {
    "BTC": 0.005383065181028793,
    "ETH": -0.0021369486356673595
  },
  "YTD": {
    "BTC": 0.005383065181028793,
    "ETH": -0.0021369486356673595
  }
}