{
  "asof": "2025-09-21",
  "MTD": {
    "BTC": 0.03322412046031968,
    "ETH": 0.014742918941604444
  },
  "QTD": {
    "ETH": 0.268230857281956,
    "BTC": 0.05800812171415508
  },
  "YTD": {
    "ETH": 0.20013414602984414,
    "BTC": 0.15856636445586222
  }
}