{
  "asof": "2025-12-04",
  "MTD": {
    "ETH": 0.048465911704531676,
    "BTC": 0.042335157619460245
  },
  "QTD": {
    "ETH": -0.10999901943291653,
    "BTC": -0.13858065898640973
  },
  "YTD": {
    "ETH": 0.08312372014860676,
    "BTC": 0.03817004413804784
  }
}