{
  "asof": "2026-01-04",
  "MTD": {
    "ETH": 0.0179881323529516,
    "BTC": 0.01616916101019665
  },
  "QTD": {
    "ETH": 0.0179881323529516,
    "BTC": 0.01616916101019665
  },
  "YTD": {
    "ETH": 0.0179881323529516,
    "BTC": 0.01616916101019665
  }
}