{
  "asof": "2025-11-20",
  "MTD": {
    "ETH": -0.11133227557768577,
    "BTC": -0.1320891670588509
  },
  "QTD": {
    "ETH": -0.14877483445051923,
    "BTC": -0.17300390490269443
  },
  "YTD": {
    "ETH": 0.044347905131004055,
    "BTC": 0.0037467982217631486
  }
}