{
  "asof": "2026-02-17",
  "MTD": {
    "ETH": -0.040439658170366814,
    "BTC": -0.06572375398541927
  },
  "QTD": {
    "ETH": -0.1435567806242734,
    "BTC": -0.14620150857754854
  },
  "YTD": {
    "ETH": -0.1435567806242734,
    "BTC": -0.14620150857754854
  }
}