{
  "asof": "2025-09-11",
  "MTD": {
    "BTC": 0.03179670575643576,
    "ETH": 0.012647656698673737
  },
  "QTD": {
    "ETH": 0.26613559503902534,
    "BTC": 0.05658070701027115
  },
  "YTD": {
    "ETH": 0.19803888378691345,
    "BTC": 0.1571389497519783
  }
}