{
  "asof": "2026-01-28",
  "MTD": {
<<<<<<< Updated upstream
    "ETH": 0.006039052435874435,
    "BTC": 0.005726604113404704
  },
  "QTD": {
    "ETH": 0.006039052435874435,
    "BTC": 0.005726604113404704
  },
  "YTD": {
    "ETH": 0.006039052435874435,
    "BTC": 0.005726604113404704
=======
    "ETH": 0.004743113256414053,
    "BTC": 0.004502470655554242
  },
  "QTD": {
    "ETH": 0.004743113256414053,
    "BTC": 0.004502470655554242
  },
  "YTD": {
    "ETH": 0.004743113256414053,
    "BTC": 0.004502470655554242
>>>>>>> Stashed changes
  }
}