{
  "asof": "2025-12-18",
  "MTD": {
    "ETH": 0.00762963170921283,
    "BTC": -0.002908797592715935
  },
  "QTD": {
    "ETH": -0.15083529942823534,
    "BTC": -0.18382461419858592
  },
  "YTD": {
    "ETH": 0.04228744015328793,
    "BTC": -0.007073911074128343
  }
}