{
  "asof": "2025-12-31",
  "MTD": {
    "ETH": 0.029156809201606262,
    "BTC": 0.011811375939480652
  },
  "QTD": {
    "ETH": -0.1293081219358419,
    "BTC": -0.16910444066638933
  },
  "YTD": {
    "ETH": 0.06381461764568136,
    "BTC": 0.007646262458068245
  }
}