{
  "asof": "2025-09-25",
  "MTD": {
    "BTC": 0.0021930505558446917,
    "ETH": -0.036789106248708146
  },
  "QTD": {
    "ETH": 0.21669883209164342,
    "BTC": 0.02697705180968009
  },
  "YTD": {
    "ETH": 0.1486021208395316,
    "BTC": 0.1275352945513872
  }
}