{
  "asof": "2025-10-10",
  "MTD": {
    "BTC": -0.024803356255040085,
    "ETH": -0.03944407157945586
  },
  "QTD": {
    "BTC": -0.024803356255040085,
    "ETH": -0.03944407157945586
  },
  "YTD": {
    "ETH": 0.15367866800206742,
    "BTC": 0.15194734686941758
  }
}