{
  "asof": "2025-09-03",
  "MTD": {
    "BTC": 0.009467943158661507,
    "ETH": -2.8070672971658482e-05
  },
  "QTD": {
    "ETH": 0.25345986766737993,
    "BTC": 0.03425194441249689
  },
  "YTD": {
    "ETH": 0.18536315641526804,
    "BTC": 0.1348101871542041
  }
}