{
  "asof": "2025-12-23",
  "MTD": {
    "ETH": 0.026484562069789424,
    "BTC": 0.010036041926160347
  },
  "QTD": {
    "ETH": -0.13198036906765875,
    "BTC": -0.1708797746797096
  },
  "YTD": {
    "ETH": 0.06114237051386452,
    "BTC": 0.005870928444747939
  }
}