{
  "asof": "2025-12-29",
  "MTD": {
    "ETH": 0.02390888699331733,
    "BTC": 0.00861556907584993
  },
  "QTD": {
    "ETH": -0.13455604414413083,
    "BTC": -0.17230024753002005
  },
  "YTD": {
    "ETH": 0.05856669543739242,
    "BTC": 0.004450455594437522
  }
}