{
  "asof": "2026-01-14",
  "MTD": {
    "BTC": 0.05475976011258803,
    "ETH": 0.046391405924669414
  },
  "QTD": {
    "BTC": 0.05475976011258803,
    "ETH": 0.046391405924669414
  },
  "YTD": {
    "BTC": 0.05475976011258803,
    "ETH": 0.046391405924669414
  }
}