{
  "asof": "2026-02-11",
  "MTD": {
    "ETH": -0.0430188753206903,
    "BTC": -0.06410946236728406
  },
  "QTD": {
    "BTC": -0.14458721695941326,
    "ETH": -0.14613599777459685
  },
  "YTD": {
    "BTC": -0.14458721695941326,
    "ETH": -0.14613599777459685
  }
}