{
  "asof": "2026-01-25",
  "MTD": {
    "BTC": -0.01374789164763926,
    "ETH": -0.02421367511353752
  },
  "QTD": {
    "BTC": -0.01374789164763926,
    "ETH": -0.02421367511353752
  },
  "YTD": {
    "BTC": -0.01374789164763926,
    "ETH": -0.02421367511353752
  }
}