{
  "asof": "2025-10-01",
  "MTD": {},
  "QTD": {},
  "YTD": {
    "ETH": 0.18952534419885522,
    "BTC": 0.17260993603063687
  }
}