{
  "asof": "2025-10-25",
  "MTD": {
    "ETH": -0.029795608632854576,
    "BTC": -0.03301344166449462
  },
  "QTD": {
    "ETH": -0.029795608632854576,
    "BTC": -0.03301344166449462
  },
  "YTD": {
    "ETH": 0.1633271309486687,
    "BTC": 0.14373726145996302
  }
}