{
  "asof": "2026-02-12",
  "MTD": {
    "ETH": -0.04893560356313033,
    "BTC": -0.06759315689676682
  },
  "QTD": {
    "BTC": -0.14807091148889603,
    "ETH": -0.1520527260170369
  },
  "YTD": {
    "BTC": -0.14807091148889603,
    "ETH": -0.1520527260170369
  }
}