{
  "asof": "2025-11-24",
  "MTD": {
    "ETH": -0.09966083361365487,
    "BTC": -0.12371699108690533
  },
  "QTD": {
    "ETH": -0.13710339248648834,
    "BTC": -0.16463172893074884
  },
  "YTD": {
    "ETH": 0.05601934709503497,
    "BTC": 0.012118974193708722
  }
}