{
  "asof": "2026-02-18",
  "MTD": {
    "ETH": -0.04962709265870529,
    "BTC": -0.07538978038443461
  },
  "QTD": {
    "ETH": -0.15274421511261188,
    "BTC": -0.1558675349765639
  },
  "YTD": {
    "ETH": -0.15274421511261188,
    "BTC": -0.1558675349765639
  }
}