{
  "asof": "2025-09-02",
  "MTD": {
    "BTC": 0.009977176897493932,
    "ETH": 1.828874602693986e-05
  },
  "QTD": {
    "ETH": 0.25350622708637854,
    "BTC": 0.03476117815132932
  },
  "YTD": {
    "ETH": 0.18540951583426665,
    "BTC": 0.13531942089303653
  }
}