{
  "asof": "2025-11-15",
  "MTD": {
    "ETH": -0.07608258399831769,
    "BTC": -0.0826114385959857
  },
  "QTD": {
    "ETH": -0.11352514287115115,
    "BTC": -0.12352617643982923
  },
  "YTD": {
    "ETH": 0.07959759671037214,
    "BTC": 0.05322452668462837
  }
}