{
  "asof": "2026-01-07",
  "MTD": {
    "ETH": 0.020527236775443918,
    "BTC": 0.015824438425885216
  },
  "QTD": {
    "ETH": 0.020527236775443918,
    "BTC": 0.015824438425885216
  },
  "YTD": {
    "ETH": 0.020527236775443918,
    "BTC": 0.015824438425885216
  }
}