{
  "asof": "2025-11-03",
  "MTD": {
    "BTC": -0.020081992595932706,
    "ETH": -0.02922120308831726
  },
  "QTD": {
    "BTC": -0.06099673043977623,
    "ETH": -0.06666376196115072
  },
  "YTD": {
    "ETH": 0.12645897762037256,
    "BTC": 0.11575397268468135
  }
}