{
  "asof": "2025-09-14",
  "MTD": {
    "BTC": 0.035967831519211034,
    "ETH": 0.02896824278376587
  },
  "QTD": {
    "ETH": 0.28245618112411747,
    "BTC": 0.060751832773046424
  },
  "YTD": {
    "ETH": 0.21435946987200558,
    "BTC": 0.1613100755147536
  }
}