{
  "asof": "2026-01-31",
  "MTD": {
    "BTC": -0.07241092094292248,
    "ETH": -0.07925011225029938
  },
  "QTD": {
    "BTC": -0.07241092094292248,
    "ETH": -0.07925011225029938
  },
  "YTD": {
    "BTC": -0.07241092094292248,
    "ETH": -0.07925011225029938
  }
}