{
  "asof": "2025-12-05",
  "MTD": {
    "ETH": 0.033468328056956674,
    "BTC": 0.021647603078434916
  },
  "QTD": {
    "ETH": -0.12499660308049151,
    "BTC": -0.15926821352743506
  },
  "YTD": {
    "ETH": 0.06812613650103178,
    "BTC": 0.017482489597022508
  }
}