{
  "asof": "2026-01-18",
  "MTD": {
    "ETH": 0.04558127155433893,
    "BTC": 0.04479322187042831
  },
  "QTD": {
    "ETH": 0.04558127155433893,
    "BTC": 0.04479322187042831
  },
  "YTD": {
    "ETH": 0.04558127155433893,
    "BTC": 0.04479322187042831
  }
}