{
  "asof": "2025-10-14",
  "MTD": {
    "ETH": -0.014703909306230712,
    "BTC": -0.025628913072815313
  },
  "QTD": {
    "ETH": -0.014703909306230712,
    "BTC": -0.025628913072815313
  },
  "YTD": {
    "ETH": 0.17841883027529254,
    "BTC": 0.15112179005164234
  }
}