{
  "asof": "2025-10-30",
  "MTD": {
    "ETH": -0.04841279431698169,
    "BTC": -0.05510345765201209
  },
  "QTD": {
    "ETH": -0.04841279431698169,
    "BTC": -0.05510345765201209
  },
  "YTD": {
    "ETH": 0.1447099452645416,
    "BTC": 0.12164724547244553
  }
}