{
  "asof": "2025-11-02",
  "MTD": {
    "BTC": -0.0019864292044814436,
    "ETH": -0.0024410357160276953
  },
  "QTD": {
    "ETH": -0.039883594588861156,
    "BTC": -0.042901167048324966
  },
  "YTD": {
    "ETH": 0.15323914499266214,
    "BTC": 0.13384953607613262
  }
}