{
  "asof": "2026-01-11",
  "MTD": {
    "ETH": 0.015212883588532294,
    "BTC": 0.012624075405167414
  },
  "QTD": {
    "ETH": 0.015212883588532294,
    "BTC": 0.012624075405167414
  },
  "YTD": {
    "ETH": 0.015212883588532294,
    "BTC": 0.012624075405167414
  }
}