{
  "asof": "2025-10-04",
  "MTD": {
    "BTC": 0.018561412468037154,
    "ETH": 0.012843823019053869
  },
  "QTD": {
    "BTC": 0.018561412468037154,
    "ETH": 0.012843823019053869
  },
  "YTD": {
    "ETH": 0.20596656260057716,
    "BTC": 0.1953121155924948
  }
}