{
  "asof": "2026-01-30",
  "MTD": {
    "BTC": -0.029760383718047328,
    "ETH": -0.03620893706452924
  },
  "QTD": {
    "BTC": -0.029760383718047328,
    "ETH": -0.03620893706452924
  },
  "YTD": {
    "BTC": -0.029760383718047328,
    "ETH": -0.03620893706452924
  }
}