{
  "asof": "2025-11-21",
  "MTD": {
    "ETH": -0.13145757234547606,
    "BTC": -0.15412281564375913
  },
  "QTD": {
    "ETH": -0.16890013121830952,
    "BTC": -0.19503755348760266
  },
  "YTD": {
    "ETH": 0.024222608363213764,
    "BTC": -0.018286850363145087
  }
}