{
  "asof": "2025-11-25",
  "MTD": {
    "ETH": -0.10177491760586525,
    "BTC": -0.13435380599303462
  },
  "QTD": {
    "ETH": -0.1392174764786987,
    "BTC": -0.17526854383687815
  },
  "YTD": {
    "ETH": 0.053905263102824584,
    "BTC": 0.001482159287579412
  }
}