{
  "asof": "2025-09-03",
  "MTD": {
    "BTC": 0.014846020148616645,
    "ETH": 0.013976615753359045
  },
  "QTD": {
    "ETH": 0.2674645540937106,
    "BTC": 0.03963002140245203
  },
  "YTD": {
    "ETH": 0.19936784284159875,
    "BTC": 0.14018826414415922
  }
}