{
  "asof": "2025-11-19",
  "MTD": {
    "ETH": -0.09921541211767275,
    "BTC": -0.1145456512694278
  },
  "QTD": {
    "ETH": -0.13665797099050622,
    "BTC": -0.1554603891132713
  },
  "YTD": {
    "ETH": 0.05646476859101708,
    "BTC": 0.021290314011186275
  }
}