{
  "asof": "2026-01-28",
  "MTD": {
    "ETH": 0.006016691943374884,
    "BTC": 0.005434367173340287
  },
  "QTD": {
    "ETH": 0.006016691943374884,
    "BTC": 0.005434367173340287
  },
  "YTD": {
    "ETH": 0.006016691943374884,
    "BTC": 0.005434367173340287
  }
}