{
  "asof": "2025-09-20",
  "MTD": {
    "BTC": 0.03547114939232447,
    "ETH": 0.017716240583213905
  },
  "QTD": {
    "ETH": 0.27120417892356546,
    "BTC": 0.06025515064615987
  },
  "YTD": {
    "ETH": 0.2031074676714536,
    "BTC": 0.16081339338786702
  }
}