{
  "asof": "2025-10-22",
  "MTD": {
    "ETH": -0.04018777581662101,
    "BTC": -0.05175230907892908
  },
  "QTD": {
    "ETH": -0.04018777581662101,
    "BTC": -0.05175230907892908
  },
  "YTD": {
    "ETH": 0.15293496376490226,
    "BTC": 0.12499839404552854
  }
}