{
  "asof": "2025-12-17",
  "MTD": {
    "ETH": 0.007949377851613051,
    "BTC": 0.0008666640707051081
  },
  "QTD": {
    "ETH": -0.15051555328583513,
    "BTC": -0.18004915253516487
  },
  "YTD": {
    "ETH": 0.042607186295688146,
    "BTC": -0.0032984494107073
  }
}