{
  "asof": "2025-12-22",
  "MTD": {
    "ETH": 0.031063067089476044,
    "BTC": 0.016429083690215476
  },
  "QTD": {
    "ETH": -0.12740186404797213,
    "BTC": -0.1644867329156545
  },
  "YTD": {
    "ETH": 0.06572087553355113,
    "BTC": 0.012263970208803068
  }
}