{
  "asof": "2025-12-13",
  "MTD": {
    "ETH": 0.04594094037913,
    "BTC": 0.02831620967774709
  },
  "QTD": {
    "ETH": -0.11252399075831818,
    "BTC": -0.1525996069281229
  },
  "YTD": {
    "ETH": 0.08059874882320509,
    "BTC": 0.02415109619633468
  }
}