{
  "asof": "2026-02-03",
  "MTD": {
    "ETH": -0.005078625275282489,
    "BTC": -0.010322606627099227
  },
  "QTD": {
    "BTC": -0.09080036121922845,
    "ETH": -0.10819574772918905
  },
  "YTD": {
    "BTC": -0.09080036121922845,
    "ETH": -0.10819574772918905
  }
}