{
  "asof": "2026-02-03",
  "MTD": {
    "BTC": 0.014279759445327311,
    "ETH": 0.013922173479458256
  },
  "QTD": {
    "BTC": -0.06619799514680193,
    "ETH": -0.08919494897444831
  },
  "YTD": {
    "BTC": -0.06619799514680193,
    "ETH": -0.08919494897444831
  }
}