{
  "asof": "2025-09-30",
  "MTD": {
    "BTC": 0.026588736800096463,
    "ETH": -0.012305832389168398
  },
  "QTD": {
    "ETH": 0.24118210595118314,
    "BTC": 0.05137273805393186
  },
  "YTD": {
    "ETH": 0.1730853946990713,
    "BTC": 0.151930980795639
  }
}