{
  "asof": "2025-11-17",
  "MTD": {
    "ETH": -0.09369580851325092,
    "BTC": -0.10329145445675751
  },
  "QTD": {
    "ETH": -0.1311383673860844,
    "BTC": -0.14420619230060103
  },
  "YTD": {
    "ETH": 0.061984372195438904,
    "BTC": 0.03254451082385655
  }
}