{
  "asof": "2025-09-13",
  "MTD": {
    "BTC": 0.03583851486423255,
    "ETH": 0.03178378711472064
  },
  "QTD": {
    "ETH": 0.28527172545507223,
    "BTC": 0.06062251611806794
  },
  "YTD": {
    "ETH": 0.21717501420296034,
    "BTC": 0.16118075885977512
  }
}