{
  "asof": "2025-11-07",
  "MTD": {
    "BTC": -0.034904460129145956,
    "ETH": -0.04334430383008612
  },
  "QTD": {
    "BTC": -0.07581919797298949,
    "ETH": -0.08078686270291958
  },
  "YTD": {
    "ETH": 0.1123358768786037,
    "BTC": 0.1009315051514681
  }
}