{
  "asof": "2026-01-15",
  "MTD": {
    "BTC": 0.0469944610451555,
    "ETH": 0.04214937557578295
  },
  "QTD": {
    "BTC": 0.0469944610451555,
    "ETH": 0.04214937557578295
  },
  "YTD": {
    "BTC": 0.0469944610451555,
    "ETH": 0.04214937557578295
  }
}