{
  "asof": "2025-11-09",
  "MTD": {
    "ETH": -0.02850414087548412,
    "BTC": -0.030434240961558577
  },
  "QTD": {
    "ETH": -0.06594669974831757,
    "BTC": -0.07134897880540211
  },
  "YTD": {
    "ETH": 0.12717603983320572,
    "BTC": 0.10540172431905548
  }
}