{
  "asof": "2025-12-28",
  "MTD": {
    "ETH": 0.02462214059252386,
    "BTC": 0.011512843776932805
  },
  "QTD": {
    "ETH": -0.1338427905449243,
    "BTC": -0.16940297282893715
  },
  "YTD": {
    "ETH": 0.05927994903659895,
    "BTC": 0.007347730295520397
  }
}