{
  "asof": "2025-09-17",
  "MTD": {
    "BTC": 0.03804116772472252,
    "ETH": 0.024516220145098182
  },
  "QTD": {
    "ETH": 0.27800415848544974,
    "BTC": 0.06282516897855792
  },
  "YTD": {
    "ETH": 0.2099074472333379,
    "BTC": 0.16338341172026508
  }
}