{
  "asof": "2025-10-28",
  "MTD": {
    "BTC": -0.024487952710082493,
    "ETH": -0.025868045136318553
  },
  "QTD": {
    "BTC": -0.024487952710082493,
    "ETH": -0.025868045136318553
  },
  "YTD": {
    "ETH": 0.16725469444520472,
    "BTC": 0.15226275041437512
  }
}