{
  "asof": "2025-11-01",
  "MTD": {},
  "QTD": {
    "ETH": -0.037929179934958195,
    "BTC": -0.04130597552879527
  },
  "YTD": {
    "ETH": 0.1551935596465651,
    "BTC": 0.1354447275956623
  }
}