{
  "asof": "2025-11-29",
  "MTD": {
    "ETH": -0.09543610920138225,
    "BTC": -0.10992597847667304
  },
  "QTD": {
    "ETH": -0.1328786680742157,
    "BTC": -0.15084071632051657
  },
  "YTD": {
    "ETH": 0.0602440715073076,
    "BTC": 0.025909986803941
  }
}