{
  "asof": "2025-10-18",
  "MTD": {
    "ETH": -0.03686106808862588,
    "BTC": -0.05736672709311889
  },
  "QTD": {
    "ETH": -0.03686106808862588,
    "BTC": -0.05736672709311889
  },
  "YTD": {
    "ETH": 0.15626167149289738,
    "BTC": 0.11938397603133874
  }
}