{
  "asof": "2025-09-02",
  "MTD": {
    "ETH": 0.006728991001054219,
    "BTC": 0.005103576382164921
  },
  "QTD": {
    "ETH": 0.26021692934140583,
    "BTC": 0.029887577636000306
  },
  "YTD": {
    "ETH": 0.19212021808929394,
    "BTC": 0.1304458203777075
  }
}