{
  "asof": "2025-11-04",
  "MTD": {
    "BTC": -0.047883658890293404,
    "ETH": -0.06560781671397674
  },
  "QTD": {
    "BTC": -0.08879839673413692,
    "ETH": -0.1030503755868102
  },
  "YTD": {
    "ETH": 0.09007236399471309,
    "BTC": 0.08795230639032066
  }
}