{
  "asof": "2025-12-02",
  "MTD": {
    "BTC": 0.03763550915766358,
    "ETH": 0.03041622993146911
  },
  "QTD": {
    "ETH": -0.12804870120597908,
    "BTC": -0.14328030744820638
  },
  "YTD": {
    "ETH": 0.06507403837554421,
    "BTC": 0.03347039567625118
  }
}