{
  "asof": "2025-09-24",
  "MTD": {
    "BTC": 0.02375554188784494,
    "ETH": -0.012599227467151496
  },
  "QTD": {
    "ETH": 0.24088871087320007,
    "BTC": 0.04853954314168034
  },
  "YTD": {
    "ETH": 0.17279199962108824,
    "BTC": 0.14909778588338748
  }
}