{
  "asof": "2025-09-29",
  "MTD": {
    "BTC": 0.02766185541615767,
    "ETH": -0.004450735745802032
  },
  "QTD": {
    "ETH": 0.24903720259454953,
    "BTC": 0.05244585666999307
  },
  "YTD": {
    "ETH": 0.1809404913424377,
    "BTC": 0.1530040994117002
  }
}