{
  "asof": "2026-01-22",
  "MTD": {
    "BTC": 0.005085399938449556,
    "ETH": -0.0033082899149043518
  },
  "QTD": {
    "BTC": 0.005085399938449556,
    "ETH": -0.0033082899149043518
  },
  "YTD": {
    "BTC": 0.005085399938449556,
    "ETH": -0.0033082899149043518
  }
}