{
  "asof": "2026-02-05",
  "MTD": {
    "ETH": -0.07322066516493907,
    "BTC": -0.10498111419503811
  },
  "QTD": {
    "ETH": -0.17633778761884564,
    "BTC": -0.18545886878716733
  },
  "YTD": {
    "ETH": -0.17633778761884564,
    "BTC": -0.18545886878716733
  }
}