{
  "asof": "2026-02-16",
  "MTD": {
    "ETH": -0.04172864445768943,
    "BTC": -0.0566664057021923
  },
  "QTD": {
    "BTC": -0.13714416029432155,
    "ETH": -0.144845766911596
  },
  "YTD": {
    "BTC": -0.13714416029432155,
    "ETH": -0.144845766911596
  }
}