{
  "asof": "2025-10-03",
  "MTD": {
    "BTC": 0.01969746686966247,
    "ETH": 0.01644639159357002
  },
  "QTD": {
    "BTC": 0.01969746686966247,
    "ETH": 0.01644639159357002
  },
  "YTD": {
    "ETH": 0.20956913117509332,
    "BTC": 0.19644816999412015
  }
}