{
  "asof": "2025-12-10",
  "MTD": {
    "ETH": 0.07372296976728432,
    "BTC": 0.043204175493415466
  },
  "QTD": {
    "ETH": -0.08474196137016385,
    "BTC": -0.1377116411124545
  },
  "YTD": {
    "ETH": 0.10838077821135941,
    "BTC": 0.03903906201200306
  }
}