{
  "asof": "2025-09-16",
  "MTD": {
    "BTC": 0.04062776730774398,
    "ETH": 0.018745065872870507
  },
  "QTD": {
    "ETH": 0.27223300421322205,
    "BTC": 0.06541176856157938
  },
  "YTD": {
    "ETH": 0.20413629296111022,
    "BTC": 0.16597001130328654
  }
}