{
  "asof": "2025-09-15",
  "MTD": {
    "BTC": 0.03384733699909095,
    "ETH": 0.01975184041838323
  },
  "QTD": {
    "ETH": 0.27323977875873484,
    "BTC": 0.05863133825292634
  },
  "YTD": {
    "ETH": 0.20514306750662292,
    "BTC": 0.1591895809946335
  }
}