{
  "asof": "2025-10-02",
  "MTD": {
    "ETH": 0.01141181796411166,
    "BTC": 0.00915487082657127
  },
  "QTD": {
    "ETH": 0.01141181796411166,
    "BTC": 0.00915487082657127
  },
  "YTD": {
    "ETH": 0.204534557545635,
    "BTC": 0.18590557395102894
  }
}