{
  "asof": "2025-12-25",
  "MTD": {
    "ETH": 0.024182786015295624,
    "BTC": 0.013073358836706664
  },
  "QTD": {
    "ETH": -0.13428214512215253,
    "BTC": -0.1678424577691633
  },
  "YTD": {
    "ETH": 0.05884059445937072,
    "BTC": 0.008908245355294256
  }
}