{
  "asof": "2025-10-22",
  "MTD": {
    "ETH": -0.052481966345262525,
    "BTC": -0.05804811178474317
  },
  "QTD": {
    "ETH": -0.052481966345262525,
    "BTC": -0.05804811178474317
  },
  "YTD": {
    "ETH": 0.14064077323626076,
    "BTC": 0.11870259133971446
  }
}