{
  "asof": "2025-11-14",
  "MTD": {
    "ETH": -0.07465023929081238,
    "BTC": -0.08384090709384426
  },
  "QTD": {
    "ETH": -0.11209279816364584,
    "BTC": -0.12475564493768779
  },
  "YTD": {
    "ETH": 0.08102994141787745,
    "BTC": 0.051995058186769805
  }
}