{
  "asof": "2025-12-30",
  "MTD": {
    "ETH": 0.027655307526110964,
    "BTC": 0.01626749757434678
  },
  "QTD": {
    "ETH": -0.1308096236113372,
    "BTC": -0.1646483190315232
  },
  "YTD": {
    "ETH": 0.06231311597018606,
    "BTC": 0.012102384092934373
  }
}