{
  "asof": "2026-01-12",
  "MTD": {
    "BTC": 0.017221192287662834,
    "ETH": 0.01405723138531067
  },
  "QTD": {
    "BTC": 0.017221192287662834,
    "ETH": 0.01405723138531067
  },
  "YTD": {
    "BTC": 0.017221192287662834,
    "ETH": 0.01405723138531067
  }
}