{
  "asof": "2026-01-06",
  "MTD": {
    "ETH": 0.034624850844537834,
    "BTC": 0.02842539898974448
  },
  "QTD": {
    "ETH": 0.034624850844537834,
    "BTC": 0.02842539898974448
  },
  "YTD": {
    "ETH": 0.034624850844537834,
    "BTC": 0.02842539898974448
  }
}