{
  "asof": "2026-01-20",
  "MTD": {
    "BTC": -0.00022505601405334308,
    "ETH": -0.004160410904978699
  },
  "QTD": {
    "BTC": -0.00022505601405334308,
    "ETH": -0.004160410904978699
  },
  "YTD": {
    "BTC": -0.00022505601405334308,
    "ETH": -0.004160410904978699
  }
}