{
  "asof": "2025-11-22",
  "MTD": {
    "ETH": -0.12773126159907736,
    "BTC": -0.15312535365618826
  },
  "QTD": {
    "ETH": -0.16517382047191081,
    "BTC": -0.1940400915000318
  },
  "YTD": {
    "ETH": 0.027948919109612495,
    "BTC": -0.01728938837557422
  }
}