{
  "asof": "2025-09-05",
  "MTD": {
    "BTC": 0.02028032014241381,
    "ETH": 0.013178369792567545
  },
  "QTD": {
    "ETH": 0.2666663081329191,
    "BTC": 0.04506432139624919
  },
  "YTD": {
    "ETH": 0.19856959688080725,
    "BTC": 0.14562256413795638
  }
}