{
  "asOf": "2025-12-19",
  "bm20Level": 4695.07271,
  "bm20PrevLevel": 4485.021487,
  "bm20PointChange": 210.051223,
  "bm20ChangePct": 0.04683393907058431,
  "returns": {
    "1D": 0.04683393907058431,
    "7D": -0.039158284746301564,
    "30D": -0.08835560537992204,
    "1Y": 0.867374355729734,
    "YTD": 0.8833740210950138
  }
}