{
  "asOf": "2026-01-14",
  "bm20Level": 5244.750206,
  "bm20PrevLevel": 5194.887546,
  "bm20PointChange": 49.86266,
  "bm20ChangePct": 0.009598409794781437,
  "returns": {
    "1D": 0.009598409794781437,
    "7D": 0.053473402890585664,
    "30D": 0.11944252761594876,
    "1Y": 0.9412229032044306,
    "YTD": 0.10667379606027372
  }
}