{
  "asOf": "2025-11-26",
  "bm20Level": 5051.842987,
  "bm20PrevLevel": 4939.608866,
  "bm20PointChange": 112.234121,
  "bm20ChangePct": 0.02272125677007142,
  "returns": {
    "1D": 0.02272125677007142,
    "7D": -0.019081359068221504,
    "30D": -0.19545677525236882,
    "1Y": 1.0792337618018486,
    "YTD": 1.026488284292748
  }
}