{
  "asOf": "2025-09-10",
  "bm20Level": 6810.257451,
  "bm20PrevLevel": 6697.524015,
  "bm20PointChange": 112.733436,
  "bm20ChangePct": 0.016832106255846968,
  "returns": {
    "1D": 0.016832106255846968,
    "7D": 0.02001871829478108,
    "30D": 0.043025637663090865,
    "1Y": 3.8186774836108697,
    "YTD": 1.7318558735493794
  }
}