{
  "asOf": "2025-11-21",
  "bm20Level": 4699.383316,
  "bm20PrevLevel": 4904.804245,
  "bm20PointChange": -205.420929,
  "bm20ChangePct": -0.041881575428369455,
  "returns": {
    "1D": -0.041881575428369455,
    "7D": -0.11592823216017856,
    "30D": -0.2019337227904905,
    "1Y": 0.9851921191392103,
    "YTD": 0.8851031707449153
  }
}