{
  "asOf": "2025-12-11",
  "bm20Level": 5034.474397,
  "bm20PrevLevel": 5093.119736,
  "bm20PointChange": -58.645339,
  "bm20ChangePct": -0.011514620102808792,
  "returns": {
    "1D": -0.011514620102808792,
    "7D": -0.002717286583746814,
    "30D": -0.12341962881766533,
    "1Y": 0.7968503123816328,
    "YTD": 1.0195210756483357
  }
}