{
  "asOf": "2025-12-25",
  "bm20Level": 4621.70679,
  "bm20PrevLevel": 4614.051064,
  "bm20PointChange": 7.655727,
  "bm20ChangePct": 0.0016592201728895528,
  "returns": {
    "1D": 0.0016592201728895528,
    "7D": 0.030475952878209478,
    "30D": -0.06435774248433146,
    "1Y": 0.78140256894932,
    "YTD": 0.8539441324734227
  }
}