{
  "asOf": "2025-12-07",
  "bm20Level": 4895.364493,
  "bm20PrevLevel": 4894.765517,
  "bm20PointChange": 0.598976,
  "bm20ChangePct": 0.00012237078582688632,
  "returns": {
    "1D": 0.00012237078582688632,
    "7D": -0.012835598818076943,
    "30D": -0.1629497717290378,
    "1Y": 0.66806475861018,
    "YTD": 0.9637187494583277
  }
}