week,upbit,bithumb,coinone,total,wow_pct,days_covered
2026-W04,2250247694900.918457,465026065970.517761,178603105625.926544,2893876866497.362793,,1
