{
  "asOf": "2026-01-08",
  "bm20Level": 4929.618163,
  "bm20PrevLevel": 4978.531201,
  "bm20PointChange": -48.913038,
  "bm20ChangePct": -0.009824792817634709,
  "returns": {
    "1D": -0.009824792817634709,
    "7D": 0.04017904229053082,
    "30D": -0.045377588521108625,
    "1Y": 0.8453618220892412,
    "YTD": 0.04017904229053082
  }
}