{
  "asOf": "2025-12-15",
  "bm20Level": 4658.261405,
  "bm20PrevLevel": 4804.003478,
  "bm20PointChange": -145.742074,
  "bm20ChangePct": -0.03033762863890599,
  "returns": {
    "1D": -0.03033762863890599,
    "7D": -0.06337060726082522,
    "30D": -0.13699097079771605,
    "1Y": 0.6160911120127268,
    "YTD": 0.8686075924432253
  }
}