{
  "asOf": "2026-02-24",
  "bm20Level": 2998.675311,
  "bm20PrevLevel": 2998.675311,
  "bm20PointChange": 0.0,
  "bm20ChangePct": 0.0,
  "returns": {
    "1D": 0.0,
    "7D": 82.84433571305726,
    "30D": 64.70578106075907,
    "MTD": 73.61118514151559,
    "YTD": 66.10133627122364
  },
  "breadth": {
    "up": null,
    "down": null
  },
  "kimchiPremiumPct": 2.1941386820479467,
  "kimchi_premium_pct": 2.1941386820479467
}