{
  "asOf": "2026-02-20",
  "bm20Level": 2998.675311,
  "bm20PrevLevel": 2998.675311,
  "bm20PointChange": 0.0,
  "bm20ChangePct": 0.0,
  "returns": {
    "1D": 0.0,
    "7D": 82.84433571305726,
    "30D": 65.70717382866515,
    "MTD": 73.61118514151559,
    "YTD": 66.10133627122364
  },
  "breadth": {
    "up": null,
    "down": null
  },
  "kimchiPremiumPct": 1.8721542770890203,
  "kimchi_premium_pct": 1.8721542770890203
}