{
  "asOf": "2026-02-12",
  "bm20Level": 486.137089,
  "bm20PrevLevel": 495.035974,
  "bm20PointChange": -8.898885,
  "bm20ChangePct": -0.01797624,
  "returns": {
    "1D": 12.59261576,
    "7D": 12.04383809,
    "30D": 9.455762,
    "MTD": 11.09576249,
    "YTD": 9.87828621
  },
  "breadth": {
    "up": 4,
    "down": 16
  },
  "kimchiPremiumPct": 9.3317,
  "funding": {
    "binance": "BTC 중 / ETH 중",
    "bybit": null
  }
}