{
  "asOf": "2026-02-19",
  "bm20Level": 481.714476,
  "bm20PrevLevel": 485.749476,
  "bm20PointChange": -4.035,
  "bm20ChangePct": -0.00830675,
  "returns": {
    "1D": 12.46895747,
    "7D": 12.46895747,
    "30D": 9.20939105,
    "MTD": 10.98572177,
    "YTD": 9.77932143
  },
  "breadth": {
    "up": 3,
    "down": 17
  },
  "kimchiPremiumPct": 2.2451
}