{
  "asOf": "2026-02-19",
  "bm20Level": 483.056831,
  "bm20PrevLevel": 478.020289,
  "bm20PointChange": 5.036543,
  "bm20ChangePct": 0.01053625,
  "returns": {
    "1D": 12.50649034,
    "7D": 12.50649034,
    "30D": 9.23784074,
    "MTD": 11.01912142,
    "YTD": 9.8093593
  },
  "breadth": {
    "up": 17,
    "down": 3
  },
  "kimchiPremiumPct": 2.0172
}