{
  "asOf": "2025-11-09",
  "bm20Level": 5924.594183,
  "bm20PrevLevel": 5822.352052,
  "bm20PointChange": 102.24213,
  "bm20ChangePct": 0.01756027965345619,
  "returns": {
    "1D": 0.01756027965345619,
    "7D": -0.021618273331145965,
    "30D": -0.026529118531013585,
    "1Y": 2.292084726772433,
    "YTD": 1.3765823148057508
  }
}