{
  "asOf": "2026-02-01",
  "bm20Level": 3412.370893,
  "bm20PrevLevel": 3505.936805,
  "bm20PointChange": -93.565912,
  "bm20ChangePct": -0.026687848916678636,
  "returns": {
    "1D": -0.026687848916678636,
    "7D": -0.1340197458337632,
    "30D": -0.192329494802302,
    "1Y": 0.4021880709848913,
    "YTD": -0.16617788897737773
  }
}