{
  "asOf": "2026-01-20",
  "bm20Level": 4691.407262,
  "bm20PrevLevel": 4941.630739,
  "bm20PointChange": -250.223476,
  "bm20ChangePct": -0.050635810248077284,
  "returns": {
    "1D": -0.050635810248077284,
    "7D": -0.09691841828517289,
    "30D": 0.00027335227645619575,
    "1Y": 0.6762136479471716,
    "YTD": -0.010084888711727635
  }
}