{
  "asOf": "2025-10-22",
  "bm20Level": 5821.601731,
  "bm20PrevLevel": 5969.068302,
  "bm20PointChange": -147.466571,
  "bm20ChangePct": -0.02470512376291778,
  "returns": {
    "1D": -0.02470512376291778,
    "7D": -0.05621826744540892,
    "30D": -0.12621678823377858,
    "1Y": 2.670799157089931,
    "YTD": 1.3352680860418729
  }
}