{
  "asOf": "2025-11-05",
  "bm20Level": 5579.577586,
  "bm20PrevLevel": 5389.890745,
  "bm20PointChange": 189.686841,
  "bm20ChangePct": 0.03519307717976683,
  "returns": {
    "1D": 0.03519307717976683,
    "7D": -0.07864551436823453,
    "30D": -0.23370733305661429,
    "1Y": 2.66445384587712,
    "YTD": 1.2381829041831818
  }
}