{
  "asOf": "2025-12-06",
  "bm20Level": 4899.981951,
  "bm20PrevLevel": 4872.594226,
  "bm20PointChange": 27.387725,
  "bm20ChangePct": 0.005620768685715705,
  "returns": {
    "1D": 0.005620768685715705,
    "7D": -0.01928484177096823,
    "30D": -0.10606392040654944,
    "1Y": 0.6714047523284066,
    "YTD": 0.9655709889602542
  }
}