{
  "asOf": "2025-11-06",
  "bm20Level": 5476.326737,
  "bm20PrevLevel": 5585.890056,
  "bm20PointChange": -109.563319,
  "bm20ChangePct": -0.019614299185952033,
  "returns": {
    "1D": -0.019614299185952033,
    "7D": -0.06396375032486012,
    "30D": -0.2231801613599077,
    "1Y": 2.285732978660952,
    "YTD": 1.1967650225277735
  }
}