{
  "asOf": "2025-11-14",
  "bm20Level": 5386.548307,
  "bm20PrevLevel": 5531.55174,
  "bm20PointChange": -145.003433,
  "bm20ChangePct": -0.026213879890195413,
  "returns": {
    "1D": -0.026213879890195413,
    "7D": -0.07896306883825222,
    "30D": -0.1267479074403971,
    "1Y": 1.6270207834286268,
    "YTD": 1.1607514454681032
  }
}