{
  "asof": "2025-08-29",
  "MTD": {
    "ETH": 0.10287642191293858,
    "BTC": -0.023952428733240085
  },
  "QTD": {
    "ETH": 0.2580840440256798,
    "BTC": 0.01968150284144371
  },
  "YTD": {
    "ETH": 0.1899873327735679,
    "BTC": 0.1202397455831509
  }
}