{
  "asof": "2025-08-30",
  "MTD": {
    "ETH": 0.10162328524579899,
    "BTC": -0.022958120928059485
  },
  "QTD": {
    "ETH": 0.2568309073585402,
    "BTC": 0.020675810646624306
  },
  "YTD": {
    "ETH": 0.18873419610642833,
    "BTC": 0.1212340533883315
  }
}