{"asof": "2025-08-27", "MTD": {"ETH": 0.10181440972502175, "BTC": -0.020648487965077393}, "QTD": {"ETH": 0.2665878027065657, "BTC": 0.027574665250215888}, "YTD": {"ETH": 0.2139861119531043, "BTC": 0.1425422965675682}}