{"asof": "2025-08-27", "MTD": {"ETH": 0.10012396702874507, "BTC": -0.02167090888810439}, "QTD": {"ETH": 0.264897360010289, "BTC": 0.02655224432718889}, "YTD": {"ETH": 0.21229566925682763, "BTC": 0.1415198756445412}}