{
  "asof": "2025-08-28",
  "MTD": {
    "LINK": 0.01317163737484659,
    "ARB": 0.011738178737207611,
    "ETH": 0.009150616695689933,
    "SOL": 0.00872445521571526,
    "AAVE": 0.0078052862513932645,
    "ADA": 0.006471327208095407,
    "AVAX": 0.004660166759278317,
    "OP": 0.004392464621689203,
    "BNB": 0.004299364229762005,
    "DOGE": 0.004174336276905201
  },
  "QTD": {
    "ETH": 0.020562941851038546,
    "LINK": 0.02030508651909109,
    "XLM": 0.01810732176345149,
    "HBAR": 0.017534293108345988,
    "ARB": 0.016839504621068143,
    "ADA": 0.015353570594135306,
    "ALGO": 0.013995385604168784,
    "DOGE": 0.012408468533989013,
    "SOL": 0.012262877561435891,
    "AVAX": 0.012086993861292446
  },
  "YTD": {
    "TIA": 11.981625145792922,
    "ETH": 0.016423071448761713,
    "XRP": 0.01510508400654228,
    "BCH": 0.012128491110414719,
    "LINK": 0.011880754321763167,
    "ADA": 0.011104654512697484,
    "TRX": 0.011082816087445168,
    "SOL": 0.010994138217819594,
    "AAVE": 0.010690720272854125,
    "MKR": 0.008913082491566396
  }
}