{
  "asof": "2025-08-31",
  "MTD": {
    "ETH": 0.11132805652165327,
    "BTC": -0.02040156152834511
  },
  "QTD": {
    "ETH": 0.2665356786343944,
    "BTC": 0.02323237004633868
  },
  "YTD": {
    "ETH": 0.1984389673822826,
    "BTC": 0.12379061278804587
  }
}