{
  "asof": "2025-08-28",
  "MTD": {
    "ETH": 0.11505334432613651,
    "BTC": -0.002088215072330036
  },
  "QTD": {
    "ETH": 0.2702609664388777,
    "BTC": 0.04154571650235376
  },
  "YTD": {
    "ETH": 0.20216425518676584,
    "BTC": 0.14210395924406094
  }
}