{
  "asof": "2025-08-28",
  "MTD": {
    "ETH": 0.11555153639030168,
    "BTC": -0.002164287546709832
  },
  "QTD": {
    "ETH": 0.2707591585030429,
    "BTC": 0.04146964402797396
  },
  "YTD": {
    "ETH": 0.202662447250931,
    "BTC": 0.14202788676968114
  }
}