{
  "asof": "2025-09-01",
  "MTD": {},
  "QTD": {
    "ETH": 0.25005752718151614,
    "BTC": 0.01893709409527039
  },
  "YTD": {
    "ETH": 0.1819608159294043,
    "BTC": 0.11949533683697759
  }
}