{"asof": "2025-08-27", "MTD": {"ETH": 0.09422866646963002, "BTC": -0.02030913444457463}, "QTD": {"ETH": 0.259002059451174, "BTC": 0.02791401877071865}, "YTD": {"ETH": 0.20640036869771258, "BTC": 0.14288165008807097}}