{
  "asOf": "2026-01-06",
  "bm20Level": 5102.697471,
  "bm20PrevLevel": 5101.46571,
  "bm20PointChange": 1.231761,
  "bm20ChangePct": 0.00024145237349348925,
  "returns": {
    "1D": 0.00024145237349348925,
    "7D": 0.0961080303037205,
    "30D": 0.03942492135564213,
    "1Y": 0.8705730928045925,
    "YTD": 0.07669981584583763
  }
}