{
  "asOf": "2026-02-19",
  "bm20Level": 482.959212,
  "bm20PrevLevel": 478.020289,
  "bm20PointChange": 4.938923,
  "bm20ChangePct": 0.01033204,
  "returns": {
    "1D": 12.50376086,
    "7D": 12.50376086,
    "30D": 9.23577182,
    "MTD": 11.01669252,
    "YTD": 9.80717488
  },
  "breadth": {
    "up": 17,
    "down": 3
  },
  "kimchiPremiumPct": 2.0602
}