{
  "asOf": "2026-02-19",
  "bm20Level": 480.931059,
  "bm20PrevLevel": 485.749476,
  "bm20PointChange": -4.818418,
  "bm20ChangePct": -0.00991955,
  "returns": {
    "1D": 12.44705278,
    "7D": 12.44705278,
    "30D": 9.19278742,
    "MTD": 10.96622927,
    "YTD": 9.76179091
  },
  "breadth": {
    "up": 4,
    "down": 16
  },
  "kimchiPremiumPct": 2.4737
}