{
  "asOf": "2025-11-02",
  "bm20Level": 5977.091814,
  "bm20PrevLevel": 6000.027383,
  "bm20PointChange": -22.935569,
  "bm20ChangePct": -0.003822577448611142,
  "returns": {
    "1D": -0.003822577448611142,
    "7D": -0.054697141772887425,
    "30D": -0.1649968665061734,
    "1Y": 2.8919328300252127,
    "YTD": 1.3976411312314636
  }
}