{
  "asOf": "2026-01-24",
  "bm20Level": 4838.831974,
  "bm20PrevLevel": 4848.341879,
  "bm20PointChange": -9.509904,
  "bm20ChangePct": -0.0019614755474635093,
  "returns": {
    "1D": -0.0019614755474635093,
    "7D": -0.08657894892553841,
    "30D": 0.03591509998738229,
    "1Y": 0.7041244365338701,
    "YTD": -0.00573690837686347
  }
}