{
  "asof": "2025-08-28",
  "MTD": {
    "LINK": 0.013207578165090043,
    "ARB": 0.01175592002398085,
    "ETH": 0.009130076500089747,
    "SOL": 0.008821332700710996,
    "AAVE": 0.007839234564512612,
    "ADA": 0.006521868445359003,
    "AVAX": 0.004693736924557551,
    "OP": 0.00449834627291401,
    "BNB": 0.0043554649283424245,
    "DOGE": 0.004215330634210194
  },
  "QTD": {
    "ETH": 0.02054240165543836,
    "LINK": 0.020341027309334545,
    "XLM": 0.01813131162873945,
    "HBAR": 0.01759765685279449,
    "ARB": 0.016857245907841382,
    "ADA": 0.015404111831398901,
    "ALGO": 0.014034143764888245,
    "DOGE": 0.012449462891294005,
    "SOL": 0.012359755046431626,
    "AVAX": 0.012120564026571681
  },
  "YTD": {
    "TIA": 11.981644524973957,
    "ETH": 0.016402531253161524,
    "XRP": 0.015154228506481116,
    "BCH": 0.012146322628855845,
    "LINK": 0.01191669511200662,
    "ADA": 0.011155195749961079,
    "TRX": 0.0111041116254688,
    "SOL": 0.01109101570281533,
    "AAVE": 0.010724668585973473,
    "MKR": 0.008869664664633717
  }
}
