{
  "asOf": "2025-12-08",
  "bm20Level": 4985.00788,
  "bm20PrevLevel": 4909.154443,
  "bm20PointChange": 75.853437,
  "bm20ChangePct": 0.015451426085650866,
  "returns": {
    "1D": 0.015451426085650866,
    "7D": 0.06331416498753617,
    "30D": -0.14381544854028894,
    "1Y": 0.6884030536120211,
    "YTD": 0.9996781555801495
  }
}